{"type":"FeatureCollection","fuente":"DANE - Marco Geoestadístico Nacional (límites municipales), distribuido por geoBoundaries (gbOpen COL ADM2, 2020)","licencia":"Creative Commons Atribución 4.0 Internacional (CC BY 4.0)","cambios":"Solo los 123 municipios de Boyacá; geometría simplificada (tolerancia 0.002 grados) y redondeada a 4 decimales; se añadió el código DANE del municipio.","departamento":{"type":"Polygon","coordinates":[[[-73.4696,4.8927],[-73.4723,4.8903],[-73.4799,4.89],[-73.4867,4.8908],[-73.4941,4.884],[-73.5026,4.8835],[-73.5099,4.8794],[-73.5209,4.879],[-73.5246,4.8923],[-73.5283,4.8933],[-73.5327,4.8912],[-73.5387,4.8966],[-73.5418,4.9077],[-73.5412,4.9112],[-73.5446,4.9173],[-73.5468,4.9236],[-73.5488,4.9251],[-73.5468,4.9305],[-73.5443,4.9451],[-73.5408,4.9498],[-73.5328,4.9549],[-73.5303,4.9619],[-73.528,4.9646],[-73.5284,4.9679],[-73.5187,4.9794],[-73.5173,4.9903],[-73.5101,4.9928],[-73.507,4.9964],[-73.5103,4.9979],[-73.5157,5.0038],[-73.5178,5.0038],[-73.5177,5.0112],[-73.5219,5.0175],[-73.5224,5.0292],[-73.516,5.0354],[-73.5025,5.0397],[-73.4962,5.0399],[-73.4909,5.0468],[-73.4863,5.0509],[-73.4857,5.0542],[-73.4876,5.0589],[-73.4838,5.0593],[-73.4801,5.0625],[-73.4814,5.0701],[-73.4822,5.0832],[-73.4842,5.089],[-73.4885,5.0926],[-73.4914,5.1011],[-73.4945,5.1064],[-73.4921,5.1123],[-73.491,5.1204],[-73.4917,5.1289],[-73.4888,5.1312],[-73.4886,5.1372],[-73.4848,5.1429],[-73.4772,5.1481],[-73.4817,5.154],[-73.493,5.1541],[-73.505,5.1519],[-73.5122,5.163],[-73.5099,5.1717],[-73.512,5.1779],[-73.5083,5.1852],[-73.5103,5.188],[-73.5183,5.1916],[-73.5219,5.1922],[-73.5235,5.2004],[-73.5219,5.2106],[-73.5245,5.214],[-73.5235,5.2205],[-73.519,5.225],[-73.5148,5.2327],[-73.524,5.2373],[-73.5278,5.2445],[-73.5269,5.2588],[-73.5313,5.265],[-73.5338,5.272],[-73.5319,5.278],[-73.5368,5.2854],[-73.5432,5.2887],[-73.5467,5.2935],[-73.548,5.2996],[-73.5541,5.2968],[-73.5567,5.2996],[-73.5621,5.3012],[-73.5672,5.3047],[-73.5773,5.3015],[-73.5891,5.3075],[-73.5898,5.31],[-73.5994,5.3188],[-73.5993,5.3219],[-73.594,5.3291],[-73.5927,5.3334],[-73.5937,5.3378],[-73.5907,5.344],[-73.5932,5.3469],[-73.5947,5.3611],[-73.5995,5.3703],[-73.5988,5.3783],[-73.596,5.383],[-73.5901,5.3899],[-73.5926,5.3984],[-73.5942,5.4003],[-73.6048,5.4038],[-73.6116,5.4053],[-73.6185,5.4048],[-73.6248,5.4097],[-73.627,5.4127],[-73.6319,5.4135],[-73.6348,5.416],[-73.6409,5.4179],[-73.6495,5.4149],[-73.6537,5.4177],[-73.6553,5.4262],[-73.6586,5.4265],[-73.6654,5.4303],[-73.6688,5.4288],[-73.6718,5.4333],[-73.6798,5.436],[-73.6767,5.4372],[-73.675,5.4423],[-73.6791,5.454],[-73.6764,5.4572],[-73.6775,5.4596],[-73.6902,5.4474],[-73.6967,5.4468],[-73.7033,5.4536],[-73.7068,5.4559],[-73.7195,5.4588],[-73.7174,5.466],[-73.7176,5.4755],[-73.7202,5.4781],[-73.7284,5.4792],[-73.7349,5.4724],[-73.7433,5.4687],[-73.7435,5.471],[-73.7439,5.4756],[-73.7471,5.4896],[-73.7591,5.4848],[-73.7688,5.4866],[-73.7827,5.4998],[-73.7854,5.5056],[-73.7894,5.5236],[-73.7896,5.5284],[-73.7916,5.5315],[-73.7887,5.5459],[-73.7895,5.553],[-73.8,5.5634],[-73.8047,5.5714],[-73.8082,5.5679],[-73.8125,5.5611],[-73.8172,5.5579],[-73.8181,5.5542],[-73.8215,5.5526],[-73.8236,5.5543],[-73.8312,5.553],[-73.8389,5.547],[-73.8479,5.5457],[-73.8537,5.5384],[-73.8573,5.5309],[-73.859,5.5319],[-73.8688,5.5325],[-73.8749,5.5261],[-73.877,5.5222],[-73.8807,5.5254],[-73.8872,5.5202],[-73.8849,5.5189],[-73.8906,5.5127],[-73.8948,5.5201],[-73.8942,5.5226],[-73.898,5.5235],[-73.8977,5.5284],[-73.9049,5.5293],[-73.9106,5.5237],[-73.9117,5.5214],[-73.9098,5.5111],[-73.9062,5.5069],[-73.9067,5.5031],[-73.9096,5.5002],[-73.9089,5.4943],[-73.9048,5.4927],[-73.9029,5.4868],[-73.9043,5.4823],[-73.9023,5.4758],[-73.9038,5.4531],[-73.9012,5.4477],[-73.9053,5.446],[-73.9125,5.4322],[-73.9211,5.438],[-73.9254,5.44],[-73.93,5.4395],[-73.9422,5.4341],[-73.9471,5.4241],[-73.9475,5.4181],[-73.9506,5.4182],[-73.9569,5.4215],[-73.9647,5.4222],[-73.973,5.4194],[-73.9815,5.4035],[-73.9835,5.389],[-73.9863,5.3873],[-73.9873,5.3793],[-73.9914,5.3746],[-73.9987,5.3707],[-73.9991,5.3675],[-74.0097,5.3684],[-74.02,5.3661],[-74.023,5.3679],[-74.0238,5.3815],[-74.0219,5.3864],[-74.0249,5.3876],[-74.0317,5.3876],[-74.0343,5.3901],[-74.0405,5.393],[-74.042,5.4],[-74.0452,5.4045],[-74.0556,5.4014],[-74.0619,5.4053],[-74.068,5.405],[-74.0736,5.4082],[-74.0804,5.4168],[-74.087,5.4282],[-74.0927,5.4295],[-74.0905,5.4347],[-74.0955,5.4368],[-74.0976,5.4401],[-74.0941,5.4499],[-74.097,5.4597],[-74.0948,5.4655],[-74.0969,5.4706],[-74.0981,5.4698],[-74.1094,5.4733],[-74.1164,5.4741],[-74.1162,5.4703],[-74.1131,5.467],[-74.1147,5.4605],[-74.1197,5.4493],[-74.1211,5.4443],[-74.1209,5.439],[-74.1231,5.4291],[-74.1288,5.4299],[-74.1326,5.4357],[-74.1368,5.4392],[-74.1371,5.4432],[-74.1439,5.4485],[-74.1482,5.4482],[-74.1499,5.4449],[-74.1541,5.4476],[-74.1608,5.4479],[-74.1645,5.4533],[-74.1721,5.4605],[-74.1753,5.4622],[-74.1776,5.4596],[-74.1824,5.4637],[-74.1866,5.4736],[-74.191,5.4795],[-74.1942,5.4866],[-74.2019,5.497],[-74.2126,5.4985],[-74.2154,5.4977],[-74.2191,5.4961],[-74.2259,5.4904],[-74.2325,5.4802],[-74.2393,5.4787],[-74.2445,5.4763],[-74.2464,5.48],[-74.2499,5.4826],[-74.2541,5.4891],[-74.253,5.4918],[-74.2545,5.4979],[-74.2564,5.4998],[-74.251,5.5021],[-74.2513,5.507],[-74.2478,5.5141],[-74.2457,5.5225],[-74.2476,5.5242],[-74.246,5.5322],[-74.2428,5.5345],[-74.2403,5.5392],[-74.2429,5.5447],[-74.2497,5.5474],[-74.2506,5.5508],[-74.2596,5.5598],[-74.2676,5.5595],[-74.2725,5.5605],[-74.283,5.5664],[-74.2917,5.5692],[-74.2937,5.5728],[-74.2978,5.575],[-74.3021,5.5853],[-74.3026,5.5915],[-74.3048,5.5931],[-74.3049,5.5988],[-74.308,5.613],[-74.3105,5.6152],[-74.3102,5.6189],[-74.315,5.623],[-74.3095,5.6287],[-74.3062,5.6384],[-74.3061,5.6429],[-74.3082,5.6482],[-74.3047,5.6494],[-74.3053,5.652],[-74.3002,5.6524],[-74.3011,5.6542],[-74.297,5.6561],[-74.2921,5.6613],[-74.293,5.6633],[-74.2852,5.6637],[-74.2825,5.6752],[-74.2835,5.6796],[-74.279,5.6849],[-74.2809,5.6875],[-74.278,5.6887],[-74.2764,5.6928],[-74.28,5.6992],[-74.2891,5.7019],[-74.2933,5.7017],[-74.2963,5.7064],[-74.2996,5.7066],[-74.3042,5.7097],[-74.3013,5.7152],[-74.3023,5.7242],[-74.298,5.7282],[-74.2954,5.7341],[-74.2917,5.7352],[-74.2918,5.7388],[-74.2872,5.7455],[-74.2889,5.75],[-74.2959,5.7546],[-74.2941,5.7594],[-74.2969,5.7641],[-74.3071,5.7719],[-74.3072,5.7772],[-74.3127,5.7819],[-74.3117,5.7851],[-74.3061,5.7885],[-74.3058,5.7936],[-74.3014,5.7915],[-74.3031,5.7947],[-74.3012,5.7961],[-74.3028,5.7999],[-74.3104,5.7989],[-74.3136,5.8003],[-74.3172,5.7981],[-74.3153,5.8018],[-74.3184,5.8042],[-74.3148,5.8094],[-74.3182,5.8089],[-74.3178,5.8138],[-74.3152,5.8152],[-74.3202,5.8164],[-74.3248,5.8193],[-74.3272,5.8237],[-74.334,5.8274],[-74.3332,5.8313],[-74.335,5.8372],[-74.3412,5.8328],[-74.3463,5.8307],[-74.3459,5.8234],[-74.3504,5.818],[-74.3536,5.8166],[-74.3542,5.8135],[-74.3595,5.8118],[-74.3722,5.8007],[-74.3786,5.7928],[-74.3827,5.7892],[-74.3847,5.7844],[-74.3888,5.7815],[-74.3942,5.7843],[-74.3972,5.782],[-74.4044,5.7791],[-74.4112,5.7735],[-74.4122,5.7698],[-74.4107,5.7668],[-74.4148,5.766],[-74.4145,5.7695],[-74.4185,5.77],[-74.4179,5.7647],[-74.4235,5.7685],[-74.423,5.7647],[-74.4262,5.7635],[-74.4306,5.7583],[-74.4338,5.7614],[-74.4386,5.7594],[-74.4413,5.76],[-74.4405,5.7654],[-74.443,5.7668],[-74.4476,5.7648],[-74.4522,5.7647],[-74.4537,5.7626],[-74.4563,5.767],[-74.4618,5.7664],[-74.4621,5.7739],[-74.4665,5.7759],[-74.4743,5.7749],[-74.4812,5.776],[-74.486,5.7709],[-74.4893,5.776],[-74.4903,5.7802],[-74.4948,5.7847],[-74.4961,5.78],[-74.5009,5.7791],[-74.5055,5.7857],[-74.511,5.7837],[-74.513,5.7896],[-74.5172,5.7912],[-74.5227,5.7866],[-74.5254,5.7862],[-74.5302,5.7906],[-74.5339,5.7866],[-74.5394,5.7852],[-74.5417,5.7784],[-74.5508,5.773],[-74.5523,5.7692],[-74.551,5.7664],[-74.5543,5.7605],[-74.5571,5.762],[-74.5641,5.7578],[-74.5672,5.7583],[-74.5786,5.7516],[-74.5849,5.759],[-74.5874,5.759],[-74.5915,5.7548],[-74.5927,5.7472],[-74.5964,5.7437],[-74.5988,5.7437],[-74.6015,5.7477],[-74.6091,5.75],[-74.6113,5.7518],[-74.6123,5.7583],[-74.6152,5.7572],[-74.6163,5.7537],[-74.6197,5.7533],[-74.6201,5.7588],[-74.6219,5.7595],[-74.6261,5.7568],[-74.6271,5.7625],[-74.6366,5.7569],[-74.6389,5.7538],[-74.6396,5.7413],[-74.6439,5.7352],[-74.652,5.7405],[-74.6511,5.749],[-74.654,5.7537],[-74.661,5.7524],[-74.665,5.7685],[-74.6608,5.7784],[-74.6533,5.7865],[-74.6505,5.793],[-74.6471,5.8085],[-74.6514,5.824],[-74.6509,5.833],[-74.6471,5.8412],[-74.6441,5.8512],[-74.64,5.8601],[-74.638,5.8664],[-74.6339,5.8729],[-74.6241,5.8824],[-74.6124,5.8896],[-74.6068,5.8916],[-74.5966,5.8924],[-74.5904,5.8947],[-74.5854,5.9031],[-74.584,5.9134],[-74.5857,5.925],[-74.5904,5.929],[-74.5967,5.9296],[-74.6022,5.9385],[-74.6083,5.9455],[-74.6075,5.9551],[-74.6105,5.9591],[-74.6127,5.9658],[-74.6104,5.9733],[-74.6034,5.9811],[-74.599,5.982],[-74.5941,5.986],[-74.586,5.9828],[-74.5786,5.983],[-74.569,5.9869],[-74.5642,5.9937],[-74.5627,6.0019],[-74.5652,6.0116],[-74.5674,6.0165],[-74.5716,6.0345],[-74.5713,6.0429],[-74.5689,6.0524],[-74.5638,6.0684],[-74.5614,6.0735],[-74.5617,6.0783],[-74.5667,6.0812],[-74.5762,6.0826],[-74.5845,6.0882],[-74.5978,6.1061],[-74.6039,6.1116],[-74.6093,6.1197],[-74.6117,6.1266],[-74.6107,6.1332],[-74.6085,6.1386],[-74.6024,6.1451],[-74.6003,6.1538],[-74.5969,6.1599],[-74.5889,6.1662],[-74.5836,6.1762],[-74.5793,6.1871],[-74.5749,6.1921],[-74.572,6.2],[-74.5711,6.207],[-74.5736,6.2103],[-74.5734,6.2157],[-74.5702,6.2185],[-74.5616,6.2303],[-74.5523,6.2378],[-74.5458,6.2464],[-74.5438,6.2503],[-74.5395,6.2643],[-74.5338,6.2697],[-74.5266,6.2736],[-74.5264,6.2704],[-74.5289,6.2628],[-74.5248,6.26],[-74.5214,6.2544],[-74.5206,6.2504],[-74.5225,6.2438],[-74.5132,6.2328],[-74.5109,6.2284],[-74.5132,6.224],[-74.5099,6.2211],[-74.5055,6.2137],[-74.4993,6.2132],[-74.494,6.2103],[-74.4904,6.205],[-74.4873,6.205],[-74.4869,6.2023],[-74.4829,6.1998],[-74.4793,6.2007],[-74.4764,6.2039],[-74.4696,6.2014],[-74.4699,6.197],[-74.4734,6.1945],[-74.4747,6.1863],[-74.4728,6.1799],[-74.4764,6.1646],[-74.4793,6.1628],[-74.4778,6.1566],[-74.4732,6.1557],[-74.4676,6.1526],[-74.4678,6.1506],[-74.4612,6.1432],[-74.4552,6.1391],[-74.4526,6.1357],[-74.4568,6.1276],[-74.4554,6.1264],[-74.452,6.1124],[-74.4506,6.1122],[-74.4498,6.1049],[-74.4517,6.0993],[-74.4449,6.096],[-74.4422,6.0926],[-74.4367,6.0917],[-74.4351,6.0889],[-74.432,6.0905],[-74.4291,6.0866],[-74.4266,6.0889],[-74.4201,6.0851],[-74.4126,6.0886],[-74.408,6.0865],[-74.4072,6.0837],[-74.4009,6.0791],[-74.3995,6.0741],[-74.4019,6.0663],[-74.3977,6.0603],[-74.392,6.0581],[-74.3888,6.0541],[-74.386,6.0532],[-74.3838,6.048],[-74.3808,6.0481],[-74.3837,6.0437],[-74.3831,6.0403],[-74.3781,6.0413],[-74.3698,6.0451],[-74.3652,6.0461],[-74.364,6.0406],[-74.3547,6.0381],[-74.3533,6.0414],[-74.348,6.0383],[-74.3455,6.0416],[-74.3409,6.0563],[-74.338,6.0584],[-74.3373,6.0644],[-74.3295,6.0644],[-74.3246,6.0687],[-74.321,6.0671],[-74.3197,6.0707],[-74.3148,6.0681],[-74.3123,6.0728],[-74.3082,6.0769],[-74.3062,6.0722],[-74.3035,6.0744],[-74.3021,6.0816],[-74.2981,6.0841],[-74.2885,6.0795],[-74.2869,6.0825],[-74.2801,6.0782],[-74.2755,6.0804],[-74.2776,6.0737],[-74.2727,6.0736],[-74.2715,6.0697],[-74.268,6.0709],[-74.2648,6.0677],[-74.2599,6.0669],[-74.258,6.0605],[-74.2604,6.0561],[-74.2655,6.0536],[-74.2653,6.0514],[-74.2606,6.0506],[-74.2633,6.0444],[-74.2623,6.0376],[-74.2639,6.0304],[-74.2617,6.0254],[-74.2584,6.0225],[-74.2608,6.0154],[-74.2586,6.01],[-74.2549,6.0059],[-74.2557,6.0025],[-74.2501,6.0003],[-74.2466,5.994],[-74.242,5.9916],[-74.2387,5.988],[-74.2364,5.9828],[-74.2333,5.982],[-74.2263,5.9747],[-74.2222,5.9679],[-74.2273,5.9586],[-74.2355,5.9508],[-74.2368,5.9452],[-74.2388,5.9442],[-74.2376,5.9358],[-74.2352,5.9324],[-74.2273,5.9309],[-74.2246,5.9237],[-74.2258,5.9189],[-74.2283,5.9172],[-74.228,5.9123],[-74.2335,5.9046],[-74.238,5.9007],[-74.2389,5.8972],[-74.243,5.8977],[-74.2464,5.8946],[-74.2527,5.892],[-74.2582,5.8832],[-74.2651,5.8791],[-74.273,5.8721],[-74.2751,5.868],[-74.2743,5.8643],[-74.2698,5.8606],[-74.2703,5.8545],[-74.2661,5.8346],[-74.2442,5.8335],[-74.2338,5.8361],[-74.2267,5.8406],[-74.2249,5.8467],[-74.2189,5.8465],[-74.221,5.8479],[-74.2147,5.8516],[-74.2146,5.8539],[-74.2084,5.8539],[-74.206,5.8562],[-74.2023,5.8512],[-74.1973,5.8529],[-74.1952,5.8557],[-74.1943,5.8653],[-74.199,5.8698],[-74.2001,5.8767],[-74.1936,5.879],[-74.1896,5.8842],[-74.1901,5.8906],[-74.187,5.8955],[-74.1873,5.8988],[-74.1846,5.9006],[-74.183,5.9054],[-74.1867,5.9073],[-74.1843,5.9104],[-74.1804,5.9111],[-74.1736,5.9062],[-74.1728,5.9029],[-74.1689,5.9015],[-74.1662,5.8979],[-74.154,5.8915],[-74.1477,5.8899],[-74.1406,5.8844],[-74.1393,5.8808],[-74.1333,5.8759],[-74.1284,5.8767],[-74.1224,5.8755],[-74.1088,5.8765],[-74.1068,5.8788],[-74.1031,5.877],[-74.1,5.8722],[-74.1007,5.8685],[-74.0956,5.8638],[-74.0943,5.8598],[-74.0916,5.8585],[-74.091,5.8526],[-74.0893,5.8498],[-74.089,5.8415],[-74.0838,5.8429],[-74.0854,5.8375],[-74.0818,5.8376],[-74.0793,5.8305],[-74.0814,5.8249],[-74.0793,5.8185],[-74.0724,5.8192],[-74.0679,5.8182],[-74.0653,5.8149],[-74.0623,5.8198],[-74.0596,5.8204],[-74.0491,5.8173],[-74.0386,5.8122],[-74.0339,5.8116],[-74.0257,5.8063],[-74.0281,5.8039],[-74.0234,5.7949],[-74.0247,5.789],[-74.0231,5.7876],[-74.0253,5.7843],[-74.0239,5.78],[-74.0202,5.7822],[-74.0164,5.7761],[-74.0109,5.7744],[-74.014,5.765],[-74.0115,5.7625],[-74.0078,5.7628],[-74.0016,5.7548],[-74.0011,5.7507],[-73.9988,5.749],[-73.9978,5.7412],[-73.9944,5.736],[-73.9915,5.7339],[-73.9915,5.7291],[-73.9871,5.7272],[-73.9868,5.7253],[-73.9814,5.7207],[-73.9764,5.7251],[-73.9753,5.7289],[-73.9619,5.7395],[-73.9565,5.7401],[-73.9451,5.7361],[-73.9382,5.7395],[-73.9321,5.7409],[-73.9301,5.7394],[-73.9255,5.7431],[-73.9212,5.7377],[-73.9159,5.7367],[-73.9045,5.7401],[-73.8998,5.7375],[-73.8902,5.7373],[-73.8857,5.7351],[-73.8878,5.7301],[-73.8841,5.7228],[-73.8772,5.723],[-73.8753,5.7282],[-73.873,5.7256],[-73.8752,5.717],[-73.8779,5.7178],[-73.8824,5.7111],[-73.8831,5.7076],[-73.8802,5.7076],[-73.8743,5.708],[-73.862,5.711],[-73.8569,5.7173],[-73.8565,5.7262],[-73.854,5.7264],[-73.8429,5.7366],[-73.8371,5.7397],[-73.83,5.7393],[-73.8234,5.7404],[-73.8192,5.7375],[-73.8186,5.7343],[-73.8196,5.7252],[-73.8188,5.7216],[-73.8204,5.7167],[-73.8125,5.715],[-73.8066,5.7204],[-73.8038,5.7245],[-73.7961,5.7279],[-73.792,5.7327],[-73.79,5.7399],[-73.7822,5.7468],[-73.765,5.7716],[-73.754,5.7711],[-73.7513,5.7687],[-73.748,5.7705],[-73.7359,5.7724],[-73.7317,5.7701],[-73.7257,5.7708],[-73.7179,5.775],[-73.7164,5.7814],[-73.7144,5.7817],[-73.7109,5.7765],[-73.7058,5.7744],[-73.6974,5.7642],[-73.6937,5.7577],[-73.6843,5.751],[-73.6805,5.7516],[-73.6729,5.7483],[-73.6677,5.7384],[-73.667,5.7346],[-73.6637,5.7281],[-73.6514,5.7144],[-73.6518,5.7124],[-73.6468,5.7133],[-73.6388,5.7241],[-73.636,5.738],[-73.6315,5.7409],[-73.6295,5.7475],[-73.6301,5.7514],[-73.6289,5.7625],[-73.6261,5.7684],[-73.6262,5.7786],[-73.6292,5.7895],[-73.6233,5.81],[-73.624,5.8133],[-73.6203,5.8185],[-73.6189,5.8272],[-73.6141,5.8351],[-73.6077,5.8487],[-73.6002,5.8694],[-73.6053,5.8791],[-73.6127,5.888],[-73.6303,5.8942],[-73.6325,5.8967],[-73.6306,5.9006],[-73.6315,5.9057],[-73.636,5.9096],[-73.6306,5.9156],[-73.6263,5.9166],[-73.624,5.9222],[-73.6217,5.9244],[-73.6149,5.9257],[-73.6074,5.9309],[-73.603,5.9377],[-73.6028,5.9406],[-73.5972,5.9505],[-73.5932,5.9594],[-73.5909,5.9654],[-73.592,5.9803],[-73.5902,5.9842],[-73.5913,5.9872],[-73.5886,5.9894],[-73.586,6.0063],[-73.5824,6.0093],[-73.582,6.012],[-73.5746,6.0148],[-73.5728,6.0143],[-73.5655,6.0183],[-73.559,6.0267],[-73.5595,6.029],[-73.5478,6.0319],[-73.5396,6.0374],[-73.5392,6.0403],[-73.5357,6.0444],[-73.5337,6.0507],[-73.5319,6.0492],[-73.5293,6.0561],[-73.5246,6.0591],[-73.5256,6.0658],[-73.5276,6.0671],[-73.5266,6.0769],[-73.5226,6.0774],[-73.5178,6.0853],[-73.5139,6.0873],[-73.5131,6.0953],[-73.5149,6.0994],[-73.5073,6.1022],[-73.5045,6.1057],[-73.4974,6.108],[-73.493,6.1059],[-73.4898,6.1017],[-73.4783,6.0972],[-73.4754,6.0942],[-73.4715,6.0951],[-73.465,6.0894],[-73.4582,6.0846],[-73.454,6.0791],[-73.4474,6.0778],[-73.4384,6.0715],[-73.4297,6.0685],[-73.4157,6.0736],[-73.4148,6.0708],[-73.4191,6.0684],[-73.4118,6.0601],[-73.4067,6.0591],[-73.4031,6.0545],[-73.4063,6.051],[-73.4027,6.0466],[-73.3992,6.0455],[-73.3949,6.0377],[-73.3891,6.0309],[-73.3876,6.0231],[-73.3823,6.021],[-73.3826,6.0177],[-73.3781,6.0133],[-73.3757,6.0062],[-73.3707,6.0052],[-73.3723,5.9978],[-73.3714,5.9917],[-73.3743,5.988],[-73.3753,5.9827],[-73.3741,5.9801],[-73.3761,5.9765],[-73.3742,5.9747],[-73.3759,5.9702],[-73.374,5.9698],[-73.3763,5.9626],[-73.3809,5.9602],[-73.3811,5.9523],[-73.3843,5.9508],[-73.3894,5.9416],[-73.3863,5.9361],[-73.3886,5.9311],[-73.3942,5.9273],[-73.3974,5.9209],[-73.3958,5.9168],[-73.3985,5.9126],[-73.3984,5.909],[-73.4016,5.9013],[-73.4069,5.8984],[-73.4085,5.8893],[-73.4118,5.8912],[-73.4205,5.8894],[-73.4318,5.8963],[-73.4338,5.8983],[-73.4393,5.8985],[-73.4445,5.902],[-73.4567,5.8899],[-73.4537,5.8873],[-73.4489,5.8798],[-73.4511,5.8742],[-73.4512,5.8667],[-73.4558,5.861],[-73.4588,5.8524],[-73.4637,5.8484],[-73.4622,5.8425],[-73.4673,5.8286],[-73.4716,5.8216],[-73.4735,5.8168],[-73.4654,5.814],[-73.4597,5.8132],[-73.4524,5.8073],[-73.4498,5.8039],[-73.4393,5.8004],[-73.4359,5.7982],[-73.4315,5.793],[-73.43,5.7879],[-73.4316,5.7814],[-73.4283,5.7789],[-73.4273,5.7752],[-73.4318,5.7714],[-73.4308,5.7671],[-73.4271,5.7657],[-73.4177,5.7688],[-73.4099,5.7623],[-73.3982,5.7589],[-73.3905,5.7511],[-73.386,5.7542],[-73.3817,5.7605],[-73.379,5.7634],[-73.3791,5.7676],[-73.3752,5.7752],[-73.3735,5.7828],[-73.3715,5.7864],[-73.3658,5.7896],[-73.3647,5.7932],[-73.3593,5.7983],[-73.357,5.8062],[-73.3566,5.8171],[-73.3511,5.8231],[-73.3534,5.8314],[-73.3486,5.8343],[-73.3488,5.8416],[-73.3457,5.8422],[-73.3505,5.8517],[-73.3497,5.8635],[-73.3515,5.8726],[-73.3483,5.8712],[-73.3426,5.8617],[-73.3363,5.8599],[-73.3274,5.8512],[-73.3188,5.8518],[-73.3163,5.855],[-73.3125,5.8562],[-73.3107,5.8542],[-73.3048,5.8526],[-73.3025,5.8537],[-73.2947,5.8507],[-73.2901,5.8504],[-73.2838,5.854],[-73.2836,5.8597],[-73.2749,5.8543],[-73.2689,5.8525],[-73.2643,5.8463],[-73.2658,5.8394],[-73.2653,5.8349],[-73.2588,5.8313],[-73.2566,5.825],[-73.2517,5.8185],[-73.2464,5.816],[-73.2407,5.8172],[-73.2336,5.8208],[-73.229,5.8249],[-73.2167,5.8241],[-73.211,5.8264],[-73.2064,5.8261],[-73.202,5.8292],[-73.201,5.833],[-73.1951,5.8351],[-73.1903,5.8436],[-73.1864,5.8462],[-73.184,5.8504],[-73.1859,5.8546],[-73.1928,5.865],[-73.196,5.8674],[-73.1977,5.873],[-73.2035,5.8766],[-73.2067,5.8837],[-73.2056,5.8857],[-73.2095,5.8906],[-73.221,5.8907],[-73.2218,5.8973],[-73.2201,5.9071],[-73.2217,5.9091],[-73.2193,5.9127],[-73.2083,5.9215],[-73.2174,5.9361],[-73.2247,5.9411],[-73.2209,5.9522],[-73.2193,5.9601],[-73.2166,5.9619],[-73.22,5.9689],[-73.2205,5.9727],[-73.2184,5.9813],[-73.2141,5.986],[-73.2103,5.9881],[-73.2054,5.994],[-73.1993,6.0031],[-73.1755,5.9945],[-73.1626,5.9829],[-73.1552,5.9786],[-73.1542,5.9683],[-73.1511,5.9652],[-73.1426,5.9611],[-73.1365,5.9594],[-73.1303,5.9593],[-73.1248,5.962],[-73.1152,5.9609],[-73.1126,5.964],[-73.1017,5.9622],[-73.0968,5.9657],[-73.0898,5.9646],[-73.0822,5.9687],[-73.0822,5.9772],[-73.0774,5.9774],[-73.0676,5.9827],[-73.0685,5.9891],[-73.0652,5.9918],[-73.0648,6.0003],[-73.0617,6.0072],[-73.0622,6.0111],[-73.0593,6.0132],[-73.0543,6.0137],[-73.0471,6.0195],[-73.0409,6.0222],[-73.0347,6.0234],[-73.0312,6.0212],[-73.0283,6.0169],[-73.0274,6.0116],[-73.0286,6.0035],[-73.0271,6.0004],[-73.0281,5.9966],[-73.0216,5.9915],[-73.0202,5.9824],[-73.0207,5.9781],[-73.018,5.9704],[-73.0112,5.9631],[-73.0033,5.9726],[-72.9969,5.9848],[-72.9912,5.9881],[-72.9895,5.9954],[-72.983,6.01],[-72.9774,6.0113],[-72.9761,6.0169],[-72.9719,6.0174],[-72.97,6.0195],[-72.9704,6.0221],[-72.9622,6.0283],[-72.9613,6.0341],[-72.9589,6.0388],[-72.9601,6.0434],[-72.955,6.0458],[-72.9532,6.0494],[-72.9549,6.0549],[-72.9524,6.0606],[-72.9539,6.0651],[-72.9519,6.0685],[-72.9474,6.0708],[-72.9445,6.0765],[-72.9351,6.0769],[-72.9357,6.0787],[-72.9314,6.0854],[-72.9249,6.0859],[-72.9228,6.0879],[-72.9234,6.0983],[-72.9206,6.0998],[-72.916,6.1074],[-72.9096,6.1066],[-72.9001,6.1125],[-72.8975,6.1198],[-72.898,6.1215],[-72.8937,6.124],[-72.889,6.1226],[-72.879,6.1253],[-72.8732,6.1247],[-72.871,6.1272],[-72.8693,6.1346],[-72.8712,6.1426],[-72.8684,6.1445],[-72.858,6.1428],[-72.8549,6.1452],[-72.8487,6.143],[-72.8434,6.1438],[-72.8313,6.1488],[-72.8285,6.1529],[-72.8254,6.1581],[-72.8262,6.1655],[-72.8247,6.17],[-72.8196,6.1764],[-72.8198,6.1809],[-72.8113,6.1919],[-72.8098,6.2018],[-72.8037,6.2096],[-72.804,6.2154],[-72.7934,6.2189],[-72.7865,6.2156],[-72.7796,6.2104],[-72.775,6.2105],[-72.7708,6.2144],[-72.7671,6.2203],[-72.7619,6.2175],[-72.755,6.2188],[-72.7484,6.2274],[-72.7455,6.228],[-72.7445,6.2353],[-72.7485,6.238],[-72.748,6.2455],[-72.7497,6.2526],[-72.7438,6.2593],[-72.7458,6.2624],[-72.7448,6.2663],[-72.7459,6.2749],[-72.754,6.2789],[-72.7549,6.2807],[-72.7544,6.2961],[-72.7583,6.3059],[-72.7568,6.3096],[-72.7576,6.317],[-72.7539,6.3188],[-72.7499,6.3236],[-72.7507,6.3354],[-72.7493,6.3378],[-72.7484,6.3476],[-72.7374,6.3549],[-72.7314,6.3569],[-72.7313,6.3667],[-72.7258,6.3716],[-72.7295,6.3786],[-72.7297,6.3832],[-72.7329,6.3853],[-72.7324,6.3967],[-72.734,6.4009],[-72.7349,6.4083],[-72.7344,6.4191],[-72.7351,6.4322],[-72.7336,6.435],[-72.738,6.4403],[-72.732,6.4461],[-72.7315,6.4487],[-72.7253,6.456],[-72.7282,6.4641],[-72.7368,6.473],[-72.7383,6.4831],[-72.7359,6.4907],[-72.7389,6.492],[-72.7516,6.4948],[-72.7561,6.4939],[-72.7608,6.4982],[-72.7657,6.4994],[-72.7725,6.5085],[-72.7739,6.5207],[-72.7792,6.5293],[-72.7879,6.5318],[-72.7909,6.5301],[-72.7971,6.5301],[-72.8048,6.5375],[-72.8086,6.5388],[-72.8109,6.5424],[-72.806,6.5462],[-72.8058,6.554],[-72.8087,6.5569],[-72.8086,6.5595],[-72.8042,6.5606],[-72.7953,6.5688],[-72.7919,6.5685],[-72.7871,6.5726],[-72.7831,6.574],[-72.783,6.5782],[-72.7791,6.5804],[-72.7747,6.5786],[-72.769,6.5804],[-72.7667,6.5828],[-72.7596,6.5811],[-72.7566,6.5763],[-72.7539,6.5756],[-72.748,6.5699],[-72.7425,6.5678],[-72.7442,6.5596],[-72.73,6.5515],[-72.7212,6.5539],[-72.712,6.5431],[-72.7042,6.5397],[-72.7034,6.5331],[-72.7004,6.5276],[-72.6965,6.5263],[-72.6962,6.5211],[-72.6938,6.5177],[-72.6941,6.5139],[-72.6868,6.5084],[-72.6832,6.5002],[-72.6827,6.496],[-72.6793,6.4896],[-72.6795,6.4828],[-72.676,6.4724],[-72.6744,6.4716],[-72.6708,6.4627],[-72.667,6.4597],[-72.6664,6.4552],[-72.6606,6.4432],[-72.6554,6.442],[-72.6495,6.4366],[-72.6412,6.4368],[-72.6387,6.4381],[-72.6312,6.4383],[-72.6283,6.4406],[-72.6234,6.4407],[-72.6138,6.445],[-72.6027,6.4516],[-72.6015,6.459],[-72.5955,6.4629],[-72.5925,6.4635],[-72.5878,6.4722],[-72.583,6.4764],[-72.5721,6.4788],[-72.5681,6.4836],[-72.5563,6.4867],[-72.5483,6.4871],[-72.5422,6.4888],[-72.5392,6.488],[-72.5344,6.4961],[-72.5434,6.5016],[-72.545,6.5042],[-72.5446,6.514],[-72.5461,6.5183],[-72.5495,6.5215],[-72.5473,6.5272],[-72.5432,6.5313],[-72.5431,6.534],[-72.5363,6.5404],[-72.5373,6.5541],[-72.5405,6.56],[-72.5446,6.5637],[-72.5459,6.5672],[-72.5433,6.5736],[-72.5427,6.5828],[-72.5377,6.5887],[-72.527,6.5916],[-72.5255,6.5974],[-72.5205,6.6043],[-72.52,6.6173],[-72.5135,6.6274],[-72.5065,6.6316],[-72.497,6.6339],[-72.4984,6.6396],[-72.4916,6.6456],[-72.4925,6.6506],[-72.4862,6.6545],[-72.4855,6.6571],[-72.4865,6.6701],[-72.4855,6.6719],[-72.491,6.6812],[-72.4849,6.6953],[-72.4847,6.7026],[-72.4872,6.7062],[-72.488,6.7162],[-72.4973,6.7243],[-72.4989,6.7283],[-72.4988,6.7346],[-72.4917,6.7376],[-72.4876,6.7436],[-72.4898,6.7514],[-72.4909,6.7596],[-72.4954,6.7637],[-72.4985,6.7643],[-72.4966,6.7729],[-72.4955,6.7829],[-72.4967,6.7862],[-72.4958,6.7904],[-72.4983,6.7927],[-72.4982,6.7984],[-72.492,6.8024],[-72.4883,6.8073],[-72.484,6.8081],[-72.4825,6.8117],[-72.4844,6.8177],[-72.4836,6.8215],[-72.4778,6.8355],[-72.4771,6.8422],[-72.4835,6.8474],[-72.4833,6.8507],[-72.4871,6.8527],[-72.4896,6.863],[-72.4917,6.8665],[-72.4983,6.8678],[-72.5018,6.8751],[-72.5024,6.8822],[-72.4966,6.8858],[-72.4973,6.8929],[-72.4964,6.8965],[-72.5029,6.9082],[-72.4999,6.9096],[-72.5006,6.9122],[-72.4971,6.916],[-72.4966,6.9215],[-72.4923,6.9243],[-72.4878,6.9245],[-72.4786,6.9155],[-72.4741,6.9127],[-72.4646,6.9017],[-72.46,6.9007],[-72.4524,6.8956],[-72.4405,6.892],[-72.4387,6.8868],[-72.4332,6.8848],[-72.4323,6.8829],[-72.4251,6.8808],[-72.4225,6.8816],[-72.406,6.8728],[-72.3923,6.8722],[-72.385,6.8755],[-72.3773,6.8854],[-72.3728,6.8867],[-72.3614,6.8938],[-72.3525,6.8917],[-72.3496,6.8933],[-72.3499,6.899],[-72.3417,6.9059],[-72.3376,6.9082],[-72.3318,6.9152],[-72.3301,6.9154],[-72.3251,6.9224],[-72.3211,6.9238],[-72.3193,6.928],[-72.3134,6.9322],[-72.3113,6.9392],[-72.3079,6.9439],[-72.3059,6.9494],[-72.3062,6.9531],[-72.304,6.956],[-72.3016,6.9641],[-72.302,6.9687],[-72.2946,6.9845],[-72.2937,6.9899],[-72.2914,6.9943],[-72.2867,6.9999],[-72.2829,7.0085],[-72.2765,7.0128],[-72.2715,7.0128],[-72.2672,7.0096],[-72.2608,7.0102],[-72.2535,7.008],[-72.2509,7.0045],[-72.2529,7.0007],[-72.2537,6.993],[-72.2556,6.985],[-72.2545,6.9828],[-72.2449,6.9771],[-72.2379,6.9797],[-72.2345,6.9792],[-72.2318,6.9831],[-72.2279,6.9832],[-72.2203,6.9863],[-72.2202,6.9906],[-72.2172,6.9934],[-72.2151,6.9985],[-72.2099,7.0036],[-72.2053,7.0041],[-72.201,7.0067],[-72.2015,7.0113],[-72.2044,7.0119],[-72.2057,7.0232],[-72.1987,7.0338],[-72.1997,7.0412],[-72.1963,7.0449],[-72.1917,7.0463],[-72.1854,7.054],[-72.1811,7.0528],[-72.1763,7.0555],[-72.1722,7.0518],[-72.1593,7.0463],[-72.1598,7.0419],[-72.1559,7.0416],[-72.1531,7.035],[-72.1448,7.0357],[-72.1369,7.0339],[-72.1326,7.0305],[-72.1253,7.0302],[-72.1227,7.0278],[-72.116,7.0332],[-72.1074,7.0327],[-72.1025,7.0355],[-72.0916,7.0378],[-72.0814,7.0439],[-72.0757,7.0454],[-72.0636,7.041],[-72.0558,7.0369],[-72.0509,7.0365],[-72.0468,7.0392],[-72.0408,7.0381],[-72.0354,7.0354],[-72.0295,7.0347],[-72.0209,7.0358],[-72.0173,7.0336],[-72.013,7.0341],[-72.0057,7.0318],[-72.0032,7.0291],[-71.9908,7.0264],[-71.9822,7.0237],[-71.9779,7.021],[-71.9656,7.0156],[-71.9504,7.0129],[-71.9489,7.0113],[-71.9517,7.0071],[-71.9602,7.0016],[-71.9596,6.9972],[-71.9619,6.9897],[-71.9658,6.9836],[-71.971,6.9776],[-71.9778,6.9651],[-71.9805,6.9549],[-71.9879,6.9399],[-71.9878,6.9378],[-71.9937,6.927],[-71.9942,6.921],[-71.9966,6.9089],[-71.9993,6.9044],[-72.0049,6.8907],[-72.0076,6.8879],[-72.0094,6.8814],[-72.0136,6.8764],[-72.0175,6.8684],[-72.0181,6.8609],[-72.0221,6.8542],[-72.0232,6.8501],[-72.0274,6.8434],[-72.0316,6.8335],[-72.0345,6.8297],[-72.0387,6.8143],[-72.0373,6.8108],[-72.0388,6.8081],[-72.037,6.8021],[-72.0386,6.8001],[-72.0385,6.7944],[-72.0444,6.7872],[-72.0444,6.7836],[-72.0475,6.7806],[-72.0478,6.7752],[-72.0508,6.772],[-72.0508,6.7686],[-72.0555,6.767],[-72.0599,6.7675],[-72.0654,6.7625],[-72.0716,6.7584],[-72.0747,6.7531],[-72.0787,6.7509],[-72.0852,6.7538],[-72.0927,6.7538],[-72.0942,6.7493],[-72.1001,6.7465],[-72.0968,6.7375],[-72.095,6.7296],[-72.1,6.7237],[-72.1007,6.7186],[-72.0992,6.7145],[-72.0988,6.7073],[-72.0993,6.6969],[-72.0972,6.6956],[-72.0976,6.6908],[-72.0951,6.684],[-72.0985,6.6793],[-72.0974,6.6717],[-72.0948,6.6664],[-72.0954,6.6632],[-72.0913,6.6485],[-72.0947,6.6345],[-72.1013,6.6286],[-72.1041,6.6229],[-72.1085,6.6183],[-72.1099,6.614],[-72.1128,6.6121],[-72.1132,6.6014],[-72.1117,6.5972],[-72.112,6.5916],[-72.1152,6.5828],[-72.1183,6.5793],[-72.1196,6.5669],[-72.1215,6.5562],[-72.1237,6.5499],[-72.124,6.5401],[-72.1258,6.5373],[-72.1289,6.5249],[-72.1338,6.5171],[-72.1386,6.5142],[-72.1489,6.5133],[-72.1514,6.5154],[-72.1532,6.5134],[-72.1617,6.5098],[-72.1621,6.5069],[-72.1669,6.5007],[-72.1728,6.5009],[-72.1779,6.4968],[-72.1758,6.4917],[-72.1767,6.4863],[-72.1729,6.4802],[-72.1734,6.475],[-72.1762,6.4706],[-72.1747,6.463],[-72.1816,6.4594],[-72.1893,6.4621],[-72.1984,6.468],[-72.2029,6.4689],[-72.213,6.466],[-72.2144,6.4644],[-72.2137,6.4585],[-72.2169,6.4558],[-72.2173,6.4492],[-72.2154,6.4473],[-72.219,6.4384],[-72.2329,6.4233],[-72.2359,6.4216],[-72.2418,6.422],[-72.246,6.4205],[-72.249,6.4232],[-72.2479,6.4293],[-72.2561,6.4355],[-72.2606,6.4422],[-72.2657,6.443],[-72.2715,6.4366],[-72.2718,6.4278],[-72.2688,6.4192],[-72.272,6.4191],[-72.2768,6.4225],[-72.2795,6.421],[-72.2824,6.4163],[-72.2819,6.4094],[-72.2866,6.4036],[-72.2867,6.3961],[-72.2811,6.3935],[-72.28,6.3885],[-72.281,6.3834],[-72.284,6.3784],[-72.2918,6.377],[-72.2953,6.3743],[-72.2955,6.37],[-72.2982,6.365],[-72.3028,6.3618],[-72.3021,6.3593],[-72.3149,6.358],[-72.3165,6.3555],[-72.3153,6.3442],[-72.3184,6.3398],[-72.3171,6.3347],[-72.3231,6.3324],[-72.3256,6.3357],[-72.334,6.3378],[-72.3385,6.3456],[-72.3519,6.3447],[-72.3564,6.3403],[-72.3573,6.336],[-72.3636,6.3258],[-72.3714,6.3192],[-72.3736,6.3131],[-72.3724,6.3113],[-72.3762,6.3031],[-72.3789,6.2931],[-72.39,6.2826],[-72.3965,6.2723],[-72.3918,6.264],[-72.3872,6.2613],[-72.3934,6.2467],[-72.3937,6.2438],[-72.3979,6.2373],[-72.3987,6.2187],[-72.4025,6.2076],[-72.4064,6.2034],[-72.4065,6.2007],[-72.4123,6.1915],[-72.4169,6.19],[-72.4188,6.1862],[-72.4172,6.1841],[-72.4126,6.1878],[-72.408,6.188],[-72.4056,6.1899],[-72.4002,6.1885],[-72.3925,6.1883],[-72.3933,6.1829],[-72.3922,6.1764],[-72.3931,6.1616],[-72.3867,6.1618],[-72.3819,6.1556],[-72.3745,6.1501],[-72.3742,6.1421],[-72.3777,6.1382],[-72.3771,6.1339],[-72.3847,6.1327],[-72.3884,6.1279],[-72.3892,6.1237],[-72.3838,6.1135],[-72.3757,6.1099],[-72.3641,6.0993],[-72.3695,6.0986],[-72.3754,6.0925],[-72.3711,6.0828],[-72.3666,6.0768],[-72.3621,6.0752],[-72.3275,6.0856],[-72.3212,6.0882],[-72.3214,6.081],[-72.3183,6.0784],[-72.3205,6.0742],[-72.3215,6.0678],[-72.3259,6.0636],[-72.3302,6.062],[-72.3456,6.0499],[-72.3466,6.0479],[-72.3559,6.0428],[-72.3617,6.044],[-72.3655,6.0367],[-72.3647,6.03],[-72.3618,6.0256],[-72.3564,6.0234],[-72.3501,6.0142],[-72.3467,6.0048],[-72.3409,6.0003],[-72.3397,5.9974],[-72.3416,5.9896],[-72.3396,5.9869],[-72.3394,5.9805],[-72.3412,5.9803],[-72.3428,5.9714],[-72.3423,5.9649],[-72.3384,5.9599],[-72.3407,5.9541],[-72.3358,5.9439],[-72.3317,5.943],[-72.3297,5.939],[-72.3251,5.935],[-72.3272,5.9193],[-72.3287,5.9177],[-72.3284,5.911],[-72.3265,5.9084],[-72.3277,5.9017],[-72.3328,5.8921],[-72.3363,5.8896],[-72.3398,5.8914],[-72.3589,5.8943],[-72.3686,5.8973],[-72.3748,5.895],[-72.3836,5.9003],[-72.392,5.9022],[-72.4005,5.9005],[-72.4067,5.9002],[-72.4155,5.904],[-72.4186,5.8997],[-72.4269,5.896],[-72.4431,5.8822],[-72.4461,5.8827],[-72.4509,5.8784],[-72.4527,5.871],[-72.4568,5.8668],[-72.4613,5.8596],[-72.463,5.848],[-72.4618,5.847],[-72.4586,5.8509],[-72.4482,5.8506],[-72.44,5.8481],[-72.4349,5.8486],[-72.4293,5.8428],[-72.4219,5.8435],[-72.4113,5.84],[-72.4054,5.837],[-72.4014,5.8367],[-72.3943,5.8266],[-72.3919,5.8189],[-72.3836,5.8178],[-72.378,5.8157],[-72.3733,5.8123],[-72.3642,5.8103],[-72.354,5.8118],[-72.3506,5.8111],[-72.3486,5.8058],[-72.3401,5.8034],[-72.3362,5.8039],[-72.331,5.8024],[-72.3309,5.7984],[-72.3286,5.7952],[-72.3239,5.7933],[-72.322,5.7952],[-72.3163,5.796],[-72.3095,5.7937],[-72.3034,5.7891],[-72.3058,5.7869],[-72.3047,5.7829],[-72.3074,5.7801],[-72.302,5.7764],[-72.2972,5.7711],[-72.297,5.7658],[-72.2993,5.7642],[-72.3008,5.7594],[-72.2972,5.7545],[-72.2921,5.7535],[-72.2901,5.7505],[-72.2804,5.7496],[-72.2812,5.7486],[-72.2765,5.7429],[-72.277,5.7382],[-72.2742,5.7356],[-72.277,5.7324],[-72.2743,5.728],[-72.2692,5.7286],[-72.2689,5.7244],[-72.2655,5.7199],[-72.266,5.7181],[-72.2623,5.7156],[-72.2613,5.7108],[-72.2576,5.7074],[-72.2563,5.7031],[-72.2482,5.6958],[-72.2477,5.6905],[-72.2503,5.6874],[-72.249,5.6849],[-72.2444,5.6851],[-72.2428,5.6871],[-72.2379,5.6857],[-72.2362,5.6874],[-72.2319,5.6851],[-72.2314,5.6829],[-72.2213,5.6754],[-72.2219,5.6726],[-72.2258,5.6676],[-72.2284,5.6668],[-72.2376,5.6671],[-72.244,5.6664],[-72.2514,5.6634],[-72.2573,5.6624],[-72.2689,5.6637],[-72.2721,5.6622],[-72.2733,5.6552],[-72.2657,5.6427],[-72.2627,5.6335],[-72.2649,5.6288],[-72.2708,5.622],[-72.2875,5.6056],[-72.2892,5.5949],[-72.2856,5.5866],[-72.2852,5.5746],[-72.2891,5.5662],[-72.2951,5.556],[-72.2966,5.5472],[-72.2949,5.5309],[-72.2947,5.5182],[-72.2953,5.515],[-72.3009,5.506],[-72.3114,5.5025],[-72.3176,5.498],[-72.3304,5.4976],[-72.3385,5.5012],[-72.3391,5.5029],[-72.3459,5.5069],[-72.3471,5.512],[-72.3525,5.5164],[-72.3569,5.5179],[-72.3581,5.522],[-72.3613,5.5245],[-72.3625,5.5283],[-72.3667,5.5289],[-72.3691,5.534],[-72.3751,5.5375],[-72.3765,5.5409],[-72.3756,5.5445],[-72.3827,5.5541],[-72.3839,5.5598],[-72.3874,5.5634],[-72.393,5.5662],[-72.3965,5.5702],[-72.3996,5.5684],[-72.4037,5.5699],[-72.4065,5.5664],[-72.4084,5.568],[-72.41,5.5643],[-72.4129,5.5659],[-72.4209,5.5632],[-72.4226,5.5608],[-72.4213,5.5577],[-72.4255,5.5549],[-72.426,5.5467],[-72.4357,5.5374],[-72.4378,5.5328],[-72.4437,5.5244],[-72.4444,5.5207],[-72.4422,5.52],[-72.4474,5.5164],[-72.4535,5.5139],[-72.4562,5.5105],[-72.4601,5.5088],[-72.4646,5.5027],[-72.4679,5.5004],[-72.471,5.4955],[-72.4772,5.4923],[-72.4813,5.4882],[-72.4899,5.4818],[-72.4921,5.4683],[-72.4952,5.4595],[-72.5015,5.4476],[-72.502,5.4449],[-72.5086,5.4376],[-72.5157,5.4362],[-72.5289,5.4275],[-72.5343,5.4204],[-72.5369,5.4144],[-72.5387,5.4141],[-72.5465,5.4077],[-72.5536,5.4053],[-72.5593,5.4018],[-72.5628,5.3979],[-72.5719,5.3903],[-72.584,5.382],[-72.5793,5.3801],[-72.5735,5.3758],[-72.5709,5.377],[-72.5672,5.3734],[-72.5709,5.3638],[-72.5751,5.3587],[-72.5779,5.3527],[-72.5817,5.3503],[-72.5889,5.3546],[-72.5922,5.3579],[-72.5956,5.3524],[-72.6016,5.3537],[-72.6094,5.3484],[-72.6156,5.3489],[-72.6189,5.3516],[-72.6224,5.3491],[-72.6262,5.3438],[-72.6334,5.3421],[-72.6377,5.3362],[-72.637,5.3284],[-72.6486,5.3218],[-72.6532,5.3062],[-72.6586,5.3017],[-72.6661,5.3013],[-72.6671,5.2946],[-72.6688,5.2936],[-72.6815,5.2904],[-72.6881,5.2821],[-72.7006,5.2793],[-72.7008,5.2742],[-72.7087,5.2774],[-72.7089,5.2798],[-72.715,5.2807],[-72.7201,5.2883],[-72.7195,5.2982],[-72.7182,5.3013],[-72.7212,5.3056],[-72.7219,5.3126],[-72.7265,5.3188],[-72.7325,5.3182],[-72.7425,5.3223],[-72.7479,5.3284],[-72.7542,5.3296],[-72.7609,5.3354],[-72.7661,5.3442],[-72.7713,5.3496],[-72.7716,5.3538],[-72.7755,5.3567],[-72.775,5.3585],[-72.7794,5.3661],[-72.7887,5.3737],[-72.7938,5.3752],[-72.7983,5.3801],[-72.805,5.3809],[-72.8096,5.3836],[-72.8121,5.3782],[-72.8219,5.3696],[-72.8291,5.3664],[-72.8332,5.3669],[-72.8418,5.3636],[-72.8461,5.3535],[-72.8497,5.3512],[-72.8554,5.3419],[-72.8595,5.3404],[-72.8667,5.3405],[-72.8657,5.3471],[-72.8664,5.3526],[-72.8754,5.3573],[-72.8827,5.3632],[-72.8857,5.3588],[-72.8865,5.3543],[-72.8846,5.3499],[-72.8784,5.3499],[-72.8823,5.3467],[-72.8862,5.3368],[-72.8896,5.3311],[-72.8884,5.3265],[-72.8892,5.3196],[-72.8878,5.3161],[-72.8929,5.3109],[-72.8997,5.2994],[-72.9007,5.2941],[-72.8921,5.2871],[-72.8919,5.2807],[-72.8954,5.2724],[-72.8954,5.264],[-72.8972,5.26],[-72.9104,5.2456],[-72.9147,5.2376],[-72.9184,5.2283],[-72.9225,5.2236],[-72.9233,5.2153],[-72.9289,5.2075],[-72.9373,5.2041],[-72.9398,5.1996],[-72.9431,5.1981],[-72.9488,5.1906],[-72.9496,5.1841],[-72.9484,5.1823],[-72.9504,5.1762],[-72.9539,5.175],[-72.9587,5.1648],[-72.9623,5.1632],[-72.9608,5.1598],[-72.9634,5.1561],[-72.9709,5.1542],[-72.9739,5.1504],[-72.9731,5.1459],[-72.9694,5.1422],[-72.9654,5.1338],[-72.9572,5.1312],[-72.9565,5.1292],[-72.9489,5.1224],[-72.9424,5.12],[-72.9372,5.114],[-72.9345,5.1058],[-72.9286,5.0997],[-72.9215,5.0993],[-72.9164,5.102],[-72.9093,5.1035],[-72.9058,5.0951],[-72.9059,5.0791],[-72.9038,5.0679],[-72.9091,5.0646],[-72.9162,5.0568],[-72.9208,5.0545],[-72.9285,5.0472],[-72.9303,5.0435],[-72.9296,5.0383],[-72.9257,5.0321],[-72.9261,5.0296],[-72.9298,5.0265],[-72.9392,5.023],[-72.9528,5.0096],[-72.957,5.0028],[-72.9571,4.9969],[-72.9602,4.994],[-72.9662,4.991],[-72.97,4.9859],[-72.9705,4.9796],[-72.9753,4.9748],[-72.9794,4.9805],[-72.9882,4.9859],[-72.9928,4.9864],[-72.9996,4.9896],[-73.0046,4.9971],[-73.0085,4.9967],[-73.015,5.0021],[-73.0198,5.0016],[-73.0186,4.9971],[-73.0213,4.995],[-73.0232,4.9888],[-73.0305,4.9823],[-73.0294,4.9699],[-73.0352,4.9634],[-73.0354,4.9591],[-73.0382,4.9556],[-73.0391,4.9458],[-73.0411,4.9435],[-73.0391,4.9393],[-73.0427,4.9372],[-73.0451,4.9329],[-73.0491,4.9223],[-73.0474,4.9103],[-73.0476,4.9018],[-73.042,4.8903],[-73.0425,4.8817],[-73.0414,4.879],[-73.0456,4.8726],[-73.0496,4.8718],[-73.0524,4.8683],[-73.0513,4.8619],[-73.0616,4.8551],[-73.0607,4.85],[-73.0664,4.8429],[-73.0682,4.8382],[-73.0692,4.8269],[-73.0713,4.8263],[-73.0749,4.8195],[-73.0778,4.8097],[-73.0701,4.8022],[-73.0722,4.7968],[-73.0684,4.7923],[-73.065,4.7915],[-73.0605,4.7835],[-73.0601,4.7788],[-73.0544,4.7737],[-73.0537,4.7686],[-73.0512,4.7665],[-73.0481,4.7598],[-73.0457,4.758],[-73.0449,4.7511],[-73.0469,4.7443],[-73.0526,4.7363],[-73.0558,4.7368],[-73.0621,4.7318],[-73.0667,4.7343],[-73.0671,4.7405],[-73.0712,4.7399],[-73.0741,4.7334],[-73.0786,4.7265],[-73.0771,4.7233],[-73.0721,4.7199],[-73.0742,4.7157],[-73.0804,4.7089],[-73.0796,4.7044],[-73.0816,4.7008],[-73.0856,4.6983],[-73.0898,4.6931],[-73.0915,4.6888],[-73.0899,4.6817],[-73.0914,4.6762],[-73.1003,4.6694],[-73.1033,4.6613],[-73.1057,4.6598],[-73.1127,4.6612],[-73.1209,4.6714],[-73.1276,4.6655],[-73.1328,4.6652],[-73.1391,4.6615],[-73.141,4.659],[-73.1473,4.6553],[-73.1542,4.6573],[-73.1596,4.6624],[-73.1679,4.6652],[-73.1818,4.6681],[-73.1893,4.6722],[-73.1935,4.6721],[-73.2079,4.6806],[-73.2158,4.6768],[-73.2202,4.6765],[-73.2235,4.6786],[-73.2268,4.6861],[-73.2344,4.6943],[-73.2326,4.7006],[-73.2286,4.71],[-73.2282,4.715],[-73.2197,4.7249],[-73.2205,4.7301],[-73.223,4.7333],[-73.2321,4.7345],[-73.2363,4.7367],[-73.2409,4.7343],[-73.2482,4.7332],[-73.2509,4.7362],[-73.2558,4.7346],[-73.2546,4.7379],[-73.2572,4.7387],[-73.2626,4.7367],[-73.269,4.7406],[-73.277,4.7323],[-73.2779,4.7285],[-73.2812,4.727],[-73.2832,4.7223],[-73.2912,4.7238],[-73.2953,4.7276],[-73.302,4.7285],[-73.3063,4.7314],[-73.3098,4.7364],[-73.306,4.7447],[-73.3103,4.7528],[-73.3101,4.7593],[-73.3135,4.7648],[-73.3138,4.7705],[-73.3209,4.7759],[-73.3209,4.7793],[-73.3249,4.7821],[-73.3298,4.7831],[-73.3338,4.7885],[-73.341,4.7913],[-73.3527,4.7958],[-73.3578,4.795],[-73.3632,4.7967],[-73.3647,4.7992],[-73.3718,4.8008],[-73.371,4.8048],[-73.3723,4.8111],[-73.3674,4.8189],[-73.3652,4.8248],[-73.3718,4.8275],[-73.3719,4.8296],[-73.3758,4.8328],[-73.3747,4.8398],[-73.3832,4.8482],[-73.3918,4.8496],[-73.3909,4.8561],[-73.3933,4.8581],[-73.3945,4.8671],[-73.402,4.8799],[-73.4116,4.8815],[-73.4144,4.8798],[-73.4249,4.8792],[-73.4353,4.8838],[-73.4373,4.8871],[-73.4464,4.8898],[-73.4515,4.883],[-73.4594,4.8867],[-73.4658,4.8913],[-73.4696,4.8927]]]},"features":[{"type":"Feature","id":"15001","properties":{"codigo_municipio":"15001","nombre_dane":"Tunja","lon_etiqueta":-73.3794,"lat_etiqueta":5.5153},"geometry":{"type":"Polygon","coordinates":[[[-73.3044,5.5634],[-73.3055,5.5544],[-73.3047,5.5533],[-73.3081,5.5432],[-73.3196,5.5434],[-73.3212,5.5348],[-73.3205,5.5302],[-73.3237,5.526],[-73.3351,5.5241],[-73.3403,5.5266],[-73.3434,5.5185],[-73.3468,5.5148],[-73.3576,5.4981],[-73.3485,5.4924],[-73.3537,5.4817],[-73.3612,5.4741],[-73.3659,5.4735],[-73.3735,5.4668],[-73.388,5.459],[-73.3944,5.4566],[-73.3989,5.4584],[-73.4026,5.4547],[-73.4044,5.4497],[-73.4095,5.4526],[-73.4158,5.4485],[-73.4212,5.4464],[-73.4215,5.4487],[-73.4309,5.4508],[-73.4374,5.456],[-73.4393,5.4615],[-73.4469,5.467],[-73.4473,5.4691],[-73.437,5.479],[-73.4323,5.4859],[-73.4244,5.4924],[-73.4205,5.4939],[-73.4162,5.5038],[-73.4122,5.5055],[-73.4076,5.5104],[-73.4127,5.5154],[-73.4151,5.5224],[-73.4252,5.5298],[-73.4234,5.5336],[-73.4226,5.5401],[-73.4267,5.5545],[-73.4225,5.5607],[-73.412,5.5669],[-73.4,5.5595],[-73.3972,5.5608],[-73.3911,5.5574],[-73.3851,5.5616],[-73.3789,5.5583],[-73.371,5.5581],[-73.3656,5.5591],[-73.362,5.5559],[-73.3615,5.559],[-73.3571,5.5676],[-73.3561,5.5726],[-73.3495,5.5772],[-73.3456,5.5768],[-73.3413,5.5841],[-73.3321,5.5759],[-73.3273,5.5802],[-73.3267,5.5792],[-73.3215,5.5832],[-73.3163,5.5773],[-73.3106,5.5743],[-73.3069,5.5697],[-73.3044,5.5634]]]}},{"type":"Feature","id":"15759","properties":{"codigo_municipio":"15759","nombre_dane":"Sogamoso","lon_etiqueta":-72.9086,"lat_etiqueta":5.6757},"geometry":{"type":"Polygon","coordinates":[[[-72.8974,5.6166],[-72.9106,5.6188],[-72.9168,5.6187],[-72.923,5.6202],[-72.9275,5.6297],[-72.932,5.6312],[-72.9348,5.6287],[-72.9405,5.6272],[-72.9453,5.6312],[-72.9533,5.6359],[-72.9564,5.6359],[-72.9618,5.6429],[-72.9635,5.6491],[-72.9672,5.6534],[-72.9676,5.6586],[-72.971,5.6648],[-72.9658,5.6725],[-72.9644,5.6795],[-72.9554,5.6985],[-72.947,5.714],[-72.9474,5.7144],[-72.944,5.7249],[-72.9463,5.7285],[-72.9447,5.7372],[-72.9464,5.7395],[-72.9447,5.7461],[-72.9391,5.7509],[-72.9354,5.7509],[-72.9312,5.7545],[-72.9283,5.7592],[-72.9122,5.7575],[-72.9022,5.7613],[-72.8985,5.7616],[-72.8957,5.7582],[-72.8934,5.7625],[-72.8858,5.7627],[-72.8821,5.7675],[-72.8776,5.7646],[-72.8762,5.756],[-72.8769,5.752],[-72.8744,5.7444],[-72.8711,5.742],[-72.8726,5.7325],[-72.8785,5.7262],[-72.8712,5.7218],[-72.8712,5.7175],[-72.8741,5.7113],[-72.8753,5.7054],[-72.8732,5.7014],[-72.8705,5.689],[-72.8618,5.6837],[-72.8602,5.6809],[-72.8571,5.6843],[-72.8535,5.6855],[-72.8521,5.6744],[-72.849,5.6703],[-72.8437,5.6675],[-72.8424,5.6636],[-72.8331,5.6537],[-72.8316,5.6548],[-72.8243,5.6539],[-72.8248,5.646],[-72.8185,5.6432],[-72.8134,5.6446],[-72.8119,5.6467],[-72.8036,5.6498],[-72.7912,5.6593],[-72.7872,5.6579],[-72.7733,5.6475],[-72.7708,5.6436],[-72.7777,5.6395],[-72.7846,5.6316],[-72.7887,5.628],[-72.7916,5.6203],[-72.7955,5.615],[-72.7971,5.6092],[-72.8072,5.594],[-72.8109,5.5836],[-72.8165,5.5871],[-72.8362,5.5958],[-72.8435,5.5961],[-72.8474,5.6002],[-72.8605,5.6],[-72.8734,5.605],[-72.8827,5.6065],[-72.8839,5.6087],[-72.8927,5.6141],[-72.8955,5.6137],[-72.8974,5.6166]]]}},{"type":"Feature","id":"15238","properties":{"codigo_municipio":"15238","nombre_dane":"Duitama","lon_etiqueta":-73.0688,"lat_etiqueta":5.8968},"geometry":{"type":"Polygon","coordinates":[[[-73.0325,6.0202],[-73.0347,6.0088],[-73.0412,6.0033],[-73.0417,5.9995],[-73.0403,5.994],[-73.0445,5.9869],[-73.0455,5.9827],[-73.0487,5.9777],[-73.0487,5.9735],[-73.0433,5.9696],[-73.0408,5.9647],[-73.0355,5.9599],[-73.035,5.9431],[-73.0308,5.938],[-73.0238,5.9323],[-73.0215,5.9259],[-73.0241,5.921],[-73.0247,5.9158],[-73.0267,5.9127],[-73.023,5.9083],[-73.0164,5.8944],[-73.0169,5.8881],[-73.013,5.8847],[-73.0085,5.8698],[-73.0087,5.8642],[-73.0126,5.8616],[-73.013,5.856],[-73.0116,5.8529],[-73.0141,5.8495],[-73.0147,5.8393],[-73.0102,5.8243],[-73.0056,5.8283],[-72.9997,5.8316],[-72.9976,5.8278],[-72.9971,5.8222],[-72.9945,5.813],[-72.993,5.8115],[-72.9922,5.8052],[-72.9932,5.8053],[-72.9942,5.8075],[-73.0056,5.8075],[-73.0133,5.809],[-73.0177,5.7987],[-73.0162,5.7951],[-73.0227,5.7845],[-73.0219,5.7831],[-73.0283,5.7787],[-73.0339,5.7807],[-73.0359,5.7776],[-73.0407,5.7756],[-73.0419,5.7709],[-73.0508,5.7739],[-73.0563,5.7759],[-73.063,5.775],[-73.0626,5.7716],[-73.0648,5.7705],[-73.069,5.7732],[-73.0759,5.7728],[-73.0811,5.7759],[-73.0807,5.7828],[-73.0782,5.7842],[-73.0783,5.7911],[-73.0799,5.7948],[-73.0774,5.8079],[-73.0782,5.8108],[-73.0785,5.8228],[-73.0821,5.8344],[-73.0876,5.8404],[-73.0987,5.8496],[-73.1039,5.8576],[-73.1172,5.8665],[-73.1193,5.8706],[-73.1101,5.8723],[-73.1075,5.8844],[-73.1095,5.8913],[-73.1163,5.8934],[-73.1264,5.9004],[-73.1306,5.9062],[-73.1357,5.9076],[-73.1326,5.9122],[-73.1291,5.9137],[-73.1267,5.9188],[-73.1315,5.9271],[-73.1292,5.9325],[-73.1426,5.9374],[-73.145,5.9425],[-73.1525,5.9449],[-73.1588,5.9483],[-73.1611,5.9509],[-73.1602,5.9576],[-73.163,5.9667],[-73.1676,5.9693],[-73.1716,5.9805],[-73.1717,5.9897],[-73.1755,5.9945],[-73.1626,5.9829],[-73.1552,5.9786],[-73.1542,5.9683],[-73.1511,5.9652],[-73.1426,5.9611],[-73.1365,5.9594],[-73.1303,5.9593],[-73.1248,5.962],[-73.1152,5.9609],[-73.1126,5.964],[-73.1017,5.9622],[-73.0968,5.9657],[-73.0898,5.9646],[-73.0822,5.9687],[-73.0822,5.9772],[-73.0774,5.9774],[-73.0676,5.9827],[-73.0685,5.9891],[-73.0652,5.9918],[-73.0648,6.0003],[-73.0617,6.0072],[-73.0622,6.0111],[-73.0593,6.0132],[-73.0543,6.0137],[-73.0471,6.0195],[-73.0409,6.0222],[-73.0347,6.0234],[-73.0312,6.0212],[-73.0325,6.0202]]]}},{"type":"Feature","id":"15176","properties":{"codigo_municipio":"15176","nombre_dane":"Chiquinquirá","lon_etiqueta":-73.7723,"lat_etiqueta":5.6272},"geometry":{"type":"Polygon","coordinates":[[[-73.8796,5.6902],[-73.866,5.6933],[-73.8618,5.6975],[-73.8624,5.7003],[-73.8577,5.7074],[-73.8491,5.709],[-73.8441,5.7077],[-73.8392,5.7029],[-73.8336,5.7046],[-73.8299,5.7026],[-73.834,5.6971],[-73.8318,5.694],[-73.8354,5.6827],[-73.8361,5.6723],[-73.8349,5.6669],[-73.8278,5.6622],[-73.8243,5.6559],[-73.819,5.6532],[-73.8149,5.6468],[-73.8061,5.6412],[-73.8012,5.6425],[-73.7943,5.6419],[-73.7868,5.6385],[-73.7857,5.6359],[-73.7799,5.6337],[-73.7787,5.6368],[-73.7711,5.6369],[-73.7656,5.638],[-73.7583,5.6435],[-73.7519,5.6464],[-73.7488,5.6427],[-73.744,5.6431],[-73.7355,5.6418],[-73.731,5.6367],[-73.7257,5.6337],[-73.7186,5.6337],[-73.7166,5.6322],[-73.7068,5.632],[-73.702,5.6365],[-73.6988,5.636],[-73.6959,5.6292],[-73.6914,5.6295],[-73.6896,5.6276],[-73.6861,5.6296],[-73.6874,5.6275],[-73.6916,5.6242],[-73.6944,5.6185],[-73.7032,5.6095],[-73.7055,5.6055],[-73.7173,5.5952],[-73.7161,5.5902],[-73.7164,5.5813],[-73.7228,5.5769],[-73.7242,5.5727],[-73.7241,5.5794],[-73.7297,5.5813],[-73.7359,5.5793],[-73.7447,5.5788],[-73.7533,5.5769],[-73.7687,5.5926],[-73.7797,5.5951],[-73.7785,5.5909],[-73.7837,5.5858],[-73.7819,5.5839],[-73.7843,5.5814],[-73.7826,5.5787],[-73.7857,5.5784],[-73.7868,5.5747],[-73.7864,5.5676],[-73.7876,5.5587],[-73.7895,5.553],[-73.8,5.5634],[-73.8047,5.5714],[-73.8082,5.5679],[-73.8125,5.5611],[-73.8172,5.5579],[-73.8181,5.5542],[-73.8215,5.5526],[-73.8236,5.5543],[-73.8312,5.553],[-73.8389,5.547],[-73.8479,5.5457],[-73.8476,5.5557],[-73.8428,5.5665],[-73.8446,5.572],[-73.8432,5.5759],[-73.8432,5.5815],[-73.8488,5.5894],[-73.8446,5.5964],[-73.8438,5.6011],[-73.8496,5.5998],[-73.8552,5.6036],[-73.855,5.6093],[-73.8522,5.617],[-73.8515,5.623],[-73.8525,5.6265],[-73.856,5.6251],[-73.8591,5.6299],[-73.8646,5.6328],[-73.8645,5.6377],[-73.8629,5.6421],[-73.859,5.6462],[-73.8569,5.6518],[-73.8648,5.6523],[-73.8662,5.6503],[-73.8716,5.6507],[-73.8753,5.6451],[-73.8837,5.6451],[-73.8879,5.6487],[-73.8891,5.6526],[-73.8923,5.6527],[-73.8926,5.6566],[-73.8952,5.6586],[-73.8953,5.665],[-73.8992,5.6634],[-73.8987,5.6692],[-73.8968,5.6716],[-73.9014,5.6713],[-73.9002,5.6769],[-73.894,5.6763],[-73.8875,5.683],[-73.8863,5.69],[-73.8796,5.6902]]]}},{"type":"Feature","id":"15572","properties":{"codigo_municipio":"15572","nombre_dane":"Puerto Boyacá","lon_etiqueta":-74.4091,"lat_etiqueta":6.0043},"geometry":{"type":"Polygon","coordinates":[[[-74.3071,5.7719],[-74.3072,5.7772],[-74.3127,5.7819],[-74.3117,5.7851],[-74.3061,5.7885],[-74.3058,5.7936],[-74.3014,5.7915],[-74.3031,5.7947],[-74.3012,5.7961],[-74.3028,5.7999],[-74.3104,5.7989],[-74.3136,5.8003],[-74.3172,5.7981],[-74.3153,5.8018],[-74.3184,5.8042],[-74.3148,5.8094],[-74.3182,5.8089],[-74.3178,5.8138],[-74.3152,5.8152],[-74.3202,5.8164],[-74.3248,5.8193],[-74.3272,5.8237],[-74.334,5.8274],[-74.3332,5.8313],[-74.335,5.8372],[-74.3412,5.8328],[-74.3463,5.8307],[-74.3459,5.8234],[-74.3504,5.818],[-74.3536,5.8166],[-74.3542,5.8135],[-74.3595,5.8118],[-74.3722,5.8007],[-74.3786,5.7928],[-74.3827,5.7892],[-74.3847,5.7844],[-74.3888,5.7815],[-74.3942,5.7843],[-74.3972,5.782],[-74.4044,5.7791],[-74.4112,5.7735],[-74.4122,5.7698],[-74.4107,5.7668],[-74.4148,5.766],[-74.4145,5.7695],[-74.4185,5.77],[-74.4179,5.7647],[-74.4235,5.7685],[-74.423,5.7647],[-74.4262,5.7635],[-74.4306,5.7583],[-74.4338,5.7614],[-74.4386,5.7594],[-74.4413,5.76],[-74.4405,5.7654],[-74.443,5.7668],[-74.4476,5.7648],[-74.4522,5.7647],[-74.4537,5.7626],[-74.4563,5.767],[-74.4618,5.7664],[-74.4621,5.7739],[-74.4665,5.7759],[-74.4743,5.7749],[-74.4812,5.776],[-74.486,5.7709],[-74.4893,5.776],[-74.4903,5.7802],[-74.4948,5.7847],[-74.4961,5.78],[-74.5009,5.7791],[-74.5055,5.7857],[-74.511,5.7837],[-74.513,5.7896],[-74.5172,5.7912],[-74.5227,5.7866],[-74.5254,5.7862],[-74.5302,5.7906],[-74.5339,5.7866],[-74.5394,5.7852],[-74.5417,5.7784],[-74.5508,5.773],[-74.5523,5.7692],[-74.551,5.7664],[-74.5543,5.7605],[-74.5571,5.762],[-74.5641,5.7578],[-74.5672,5.7583],[-74.5786,5.7516],[-74.5849,5.759],[-74.5874,5.759],[-74.5915,5.7548],[-74.5927,5.7472],[-74.5964,5.7437],[-74.5988,5.7437],[-74.6015,5.7477],[-74.6091,5.75],[-74.6113,5.7518],[-74.6123,5.7583],[-74.6152,5.7572],[-74.6163,5.7537],[-74.6197,5.7533],[-74.6201,5.7588],[-74.6219,5.7595],[-74.6261,5.7568],[-74.6271,5.7625],[-74.6366,5.7569],[-74.6389,5.7538],[-74.6396,5.7413],[-74.6439,5.7352],[-74.652,5.7405],[-74.6511,5.749],[-74.654,5.7537],[-74.661,5.7524],[-74.665,5.7685],[-74.6608,5.7784],[-74.6533,5.7865],[-74.6505,5.793],[-74.6471,5.8085],[-74.6514,5.824],[-74.6509,5.833],[-74.6471,5.8412],[-74.6441,5.8512],[-74.64,5.8601],[-74.638,5.8664],[-74.6339,5.8729],[-74.6241,5.8824],[-74.6124,5.8896],[-74.6068,5.8916],[-74.5966,5.8924],[-74.5904,5.8947],[-74.5854,5.9031],[-74.584,5.9134],[-74.5857,5.925],[-74.5904,5.929],[-74.5967,5.9296],[-74.6022,5.9385],[-74.6083,5.9455],[-74.6075,5.9551],[-74.6105,5.9591],[-74.6127,5.9658],[-74.6104,5.9733],[-74.6034,5.9811],[-74.599,5.982],[-74.5941,5.986],[-74.586,5.9828],[-74.5786,5.983],[-74.569,5.9869],[-74.5642,5.9937],[-74.5627,6.0019],[-74.5652,6.0116],[-74.5674,6.0165],[-74.5716,6.0345],[-74.5713,6.0429],[-74.5689,6.0524],[-74.5638,6.0684],[-74.5614,6.0735],[-74.5617,6.0783],[-74.5667,6.0812],[-74.5762,6.0826],[-74.5845,6.0882],[-74.5978,6.1061],[-74.6039,6.1116],[-74.6093,6.1197],[-74.6117,6.1266],[-74.6107,6.1332],[-74.6085,6.1386],[-74.6024,6.1451],[-74.6003,6.1538],[-74.5969,6.1599],[-74.5889,6.1662],[-74.5836,6.1762],[-74.5793,6.1871],[-74.5749,6.1921],[-74.572,6.2],[-74.5711,6.207],[-74.5736,6.2103],[-74.5734,6.2157],[-74.5702,6.2185],[-74.5616,6.2303],[-74.5523,6.2378],[-74.5458,6.2464],[-74.5438,6.2503],[-74.5395,6.2643],[-74.5338,6.2697],[-74.5266,6.2736],[-74.5264,6.2704],[-74.5289,6.2628],[-74.5248,6.26],[-74.5214,6.2544],[-74.5206,6.2504],[-74.5225,6.2438],[-74.5132,6.2328],[-74.5109,6.2284],[-74.5132,6.224],[-74.5099,6.2211],[-74.5055,6.2137],[-74.4993,6.2132],[-74.494,6.2103],[-74.4904,6.205],[-74.4873,6.205],[-74.4869,6.2023],[-74.4829,6.1998],[-74.4793,6.2007],[-74.4764,6.2039],[-74.4696,6.2014],[-74.4699,6.197],[-74.4734,6.1945],[-74.4747,6.1863],[-74.4728,6.1799],[-74.4764,6.1646],[-74.4793,6.1628],[-74.4778,6.1566],[-74.4732,6.1557],[-74.4676,6.1526],[-74.4678,6.1506],[-74.4612,6.1432],[-74.4552,6.1391],[-74.4526,6.1357],[-74.4568,6.1276],[-74.4554,6.1264],[-74.452,6.1124],[-74.4506,6.1122],[-74.4498,6.1049],[-74.4517,6.0993],[-74.4449,6.096],[-74.4422,6.0926],[-74.4367,6.0917],[-74.4351,6.0889],[-74.432,6.0905],[-74.4291,6.0866],[-74.4266,6.0889],[-74.4201,6.0851],[-74.4126,6.0886],[-74.408,6.0865],[-74.4072,6.0837],[-74.4009,6.0791],[-74.3995,6.0741],[-74.4019,6.0663],[-74.3977,6.0603],[-74.392,6.0581],[-74.3888,6.0541],[-74.386,6.0532],[-74.3838,6.048],[-74.3808,6.0481],[-74.3837,6.0437],[-74.3831,6.0403],[-74.3781,6.0413],[-74.3698,6.0451],[-74.3652,6.0461],[-74.364,6.0406],[-74.3547,6.0381],[-74.3533,6.0414],[-74.348,6.0383],[-74.3455,6.0416],[-74.3409,6.0563],[-74.338,6.0584],[-74.3373,6.0644],[-74.3295,6.0644],[-74.3246,6.0687],[-74.321,6.0671],[-74.3197,6.0707],[-74.3148,6.0681],[-74.3123,6.0728],[-74.3082,6.0769],[-74.3062,6.0722],[-74.3035,6.0744],[-74.3021,6.0816],[-74.2981,6.0841],[-74.2885,6.0795],[-74.2869,6.0825],[-74.2801,6.0782],[-74.2755,6.0804],[-74.2776,6.0737],[-74.2727,6.0736],[-74.2715,6.0697],[-74.268,6.0709],[-74.2648,6.0677],[-74.2599,6.0669],[-74.258,6.0605],[-74.2604,6.0561],[-74.2655,6.0536],[-74.2653,6.0514],[-74.2606,6.0506],[-74.2633,6.0444],[-74.2623,6.0376],[-74.2639,6.0304],[-74.2617,6.0254],[-74.2584,6.0225],[-74.2608,6.0154],[-74.2586,6.01],[-74.2549,6.0059],[-74.2557,6.0025],[-74.2501,6.0003],[-74.2466,5.994],[-74.242,5.9916],[-74.2387,5.988],[-74.2364,5.9828],[-74.2333,5.982],[-74.2263,5.9747],[-74.2222,5.9679],[-74.2273,5.9586],[-74.2355,5.9508],[-74.2368,5.9452],[-74.2388,5.9442],[-74.2376,5.9358],[-74.2352,5.9324],[-74.2273,5.9309],[-74.2246,5.9237],[-74.2258,5.9189],[-74.2283,5.9172],[-74.228,5.9123],[-74.2335,5.9046],[-74.238,5.9007],[-74.2389,5.8972],[-74.243,5.8977],[-74.2464,5.8946],[-74.2527,5.892],[-74.2582,5.8832],[-74.2651,5.8791],[-74.273,5.8721],[-74.2751,5.868],[-74.2743,5.8643],[-74.2698,5.8606],[-74.2703,5.8545],[-74.2661,5.8346],[-74.2633,5.8283],[-74.2635,5.8217],[-74.2618,5.8171],[-74.2651,5.8076],[-74.2702,5.8042],[-74.2722,5.7921],[-74.2745,5.7879],[-74.2798,5.7841],[-74.2836,5.7776],[-74.2864,5.7753],[-74.2894,5.7666],[-74.2917,5.7632],[-74.2969,5.7641],[-74.3071,5.7719]]]}},{"type":"Feature","id":"15516","properties":{"codigo_municipio":"15516","nombre_dane":"Paipa","lon_etiqueta":-73.1075,"lat_etiqueta":5.8311},"geometry":{"type":"Polygon","coordinates":[[[-73.1717,5.9897],[-73.1716,5.9805],[-73.1676,5.9693],[-73.163,5.9667],[-73.1602,5.9576],[-73.1611,5.9509],[-73.1588,5.9483],[-73.1525,5.9449],[-73.145,5.9425],[-73.1426,5.9374],[-73.1292,5.9325],[-73.1315,5.9271],[-73.1267,5.9188],[-73.1291,5.9137],[-73.1326,5.9122],[-73.1357,5.9076],[-73.1306,5.9062],[-73.1264,5.9004],[-73.1163,5.8934],[-73.1095,5.8913],[-73.1075,5.8844],[-73.1101,5.8723],[-73.1193,5.8706],[-73.1172,5.8665],[-73.1039,5.8576],[-73.0987,5.8496],[-73.0876,5.8404],[-73.0821,5.8344],[-73.0785,5.8228],[-73.0782,5.8108],[-73.0774,5.8079],[-73.0799,5.7948],[-73.0783,5.7911],[-73.0782,5.7842],[-73.0807,5.7828],[-73.0811,5.7759],[-73.0759,5.7728],[-73.069,5.7732],[-73.0648,5.7705],[-73.0626,5.7716],[-73.063,5.775],[-73.0563,5.7759],[-73.0508,5.7739],[-73.0592,5.7614],[-73.06,5.7564],[-73.0638,5.7485],[-73.0661,5.75],[-73.0678,5.7467],[-73.0667,5.7442],[-73.0664,5.731],[-73.0674,5.7255],[-73.0662,5.7177],[-73.0624,5.7032],[-73.057,5.7019],[-73.0566,5.6984],[-73.0592,5.6942],[-73.0606,5.688],[-73.0594,5.687],[-73.0689,5.6825],[-73.0772,5.6766],[-73.0784,5.6731],[-73.0817,5.6731],[-73.086,5.6697],[-73.0931,5.6663],[-73.1025,5.6591],[-73.1081,5.6609],[-73.1066,5.6656],[-73.1105,5.6764],[-73.1221,5.6911],[-73.128,5.6978],[-73.137,5.7025],[-73.1392,5.7054],[-73.1491,5.7129],[-73.1545,5.7156],[-73.1584,5.7198],[-73.1576,5.726],[-73.1558,5.7274],[-73.1571,5.7306],[-73.1546,5.7362],[-73.1685,5.7449],[-73.1669,5.7485],[-73.1715,5.7568],[-73.1742,5.7595],[-73.1751,5.7661],[-73.1712,5.7695],[-73.1738,5.772],[-73.1705,5.7779],[-73.1694,5.7832],[-73.1702,5.7896],[-73.166,5.7906],[-73.1574,5.801],[-73.1454,5.8108],[-73.1374,5.8211],[-73.1324,5.8344],[-73.1342,5.8406],[-73.1339,5.8466],[-73.13,5.8548],[-73.1429,5.8518],[-73.1497,5.8532],[-73.1543,5.8509],[-73.1591,5.8522],[-73.165,5.848],[-73.1736,5.8516],[-73.184,5.8504],[-73.1859,5.8546],[-73.1928,5.865],[-73.196,5.8674],[-73.1977,5.873],[-73.2035,5.8766],[-73.2067,5.8837],[-73.2056,5.8857],[-73.2095,5.8906],[-73.221,5.8907],[-73.2218,5.8973],[-73.2201,5.9071],[-73.2217,5.9091],[-73.2193,5.9127],[-73.2083,5.9215],[-73.2174,5.9361],[-73.2247,5.9411],[-73.2209,5.9522],[-73.2193,5.9601],[-73.2166,5.9619],[-73.22,5.9689],[-73.2205,5.9727],[-73.2184,5.9813],[-73.2141,5.986],[-73.2103,5.9881],[-73.2054,5.994],[-73.1993,6.0031],[-73.1755,5.9945],[-73.1717,5.9897]]]}},{"type":"Feature","id":"15469","properties":{"codigo_municipio":"15469","nombre_dane":"Moniquira","lon_etiqueta":-73.5449,"lat_etiqueta":5.8697},"geometry":{"type":"Polygon","coordinates":[[[-73.5034,5.7827],[-73.503,5.7856],[-73.5079,5.7903],[-73.5113,5.7903],[-73.5198,5.7988],[-73.5239,5.7995],[-73.5277,5.7882],[-73.5355,5.7877],[-73.5401,5.7895],[-73.5426,5.7867],[-73.5488,5.789],[-73.5533,5.794],[-73.564,5.796],[-73.5683,5.8021],[-73.5765,5.8059],[-73.5769,5.8019],[-73.5827,5.7945],[-73.5824,5.7901],[-73.5882,5.7923],[-73.5884,5.7941],[-73.5951,5.795],[-73.6034,5.7891],[-73.6074,5.7875],[-73.6161,5.7819],[-73.6188,5.7825],[-73.6262,5.7786],[-73.6292,5.7895],[-73.6233,5.81],[-73.624,5.8133],[-73.6203,5.8185],[-73.6189,5.8272],[-73.6141,5.8351],[-73.6077,5.8487],[-73.6002,5.8694],[-73.6053,5.8791],[-73.6127,5.888],[-73.6303,5.8942],[-73.6325,5.8967],[-73.6306,5.9006],[-73.6315,5.9057],[-73.636,5.9096],[-73.6306,5.9156],[-73.6263,5.9166],[-73.624,5.9222],[-73.6217,5.9244],[-73.6149,5.9257],[-73.6074,5.9309],[-73.603,5.9377],[-73.6028,5.9406],[-73.5972,5.9505],[-73.5932,5.9594],[-73.5896,5.9605],[-73.5879,5.9524],[-73.5774,5.9562],[-73.5648,5.9558],[-73.5596,5.9522],[-73.5499,5.9507],[-73.538,5.9486],[-73.528,5.941],[-73.5302,5.9378],[-73.5269,5.9345],[-73.5282,5.9309],[-73.5284,5.9238],[-73.5331,5.9179],[-73.5375,5.9155],[-73.543,5.9144],[-73.5424,5.9121],[-73.538,5.91],[-73.5306,5.9018],[-73.5266,5.8992],[-73.5245,5.8934],[-73.5219,5.8922],[-73.5123,5.8943],[-73.5092,5.8889],[-73.507,5.8915],[-73.5075,5.8834],[-73.5039,5.8816],[-73.5054,5.8787],[-73.504,5.8757],[-73.4976,5.8712],[-73.4919,5.8718],[-73.4789,5.8588],[-73.4735,5.8571],[-73.4667,5.8524],[-73.4637,5.8484],[-73.4622,5.8425],[-73.4673,5.8286],[-73.4716,5.8216],[-73.4772,5.8281],[-73.493,5.8311],[-73.4915,5.8389],[-73.4941,5.8384],[-73.5003,5.8437],[-73.5073,5.8441],[-73.5125,5.847],[-73.5131,5.8454],[-73.5084,5.84],[-73.5062,5.8347],[-73.5081,5.8322],[-73.5109,5.8336],[-73.514,5.8316],[-73.5107,5.8272],[-73.5057,5.8237],[-73.4983,5.8165],[-73.4971,5.8121],[-73.492,5.809],[-73.4865,5.8033],[-73.4956,5.7903],[-73.5001,5.7864],[-73.4974,5.7827],[-73.5003,5.7789],[-73.5034,5.7827]]]}},{"type":"Feature","id":"15407","properties":{"codigo_municipio":"15407","nombre_dane":"Villa De Leyva","lon_etiqueta":-73.5323,"lat_etiqueta":5.6623},"geometry":{"type":"Polygon","coordinates":[[[-73.4282,5.6997],[-73.4332,5.693],[-73.4366,5.6916],[-73.4427,5.683],[-73.4458,5.6825],[-73.4528,5.6781],[-73.4607,5.6824],[-73.4757,5.6774],[-73.479,5.6776],[-73.4837,5.6708],[-73.482,5.6694],[-73.4818,5.6626],[-73.483,5.6585],[-73.4897,5.6473],[-73.4895,5.6428],[-73.4834,5.6357],[-73.4906,5.6244],[-73.4998,5.6211],[-73.5072,5.6138],[-73.5163,5.601],[-73.5188,5.6053],[-73.525,5.6068],[-73.5324,5.6052],[-73.5356,5.6015],[-73.5409,5.598],[-73.5474,5.5985],[-73.5489,5.6033],[-73.5527,5.6044],[-73.55,5.607],[-73.5536,5.6097],[-73.5574,5.6097],[-73.5604,5.612],[-73.5641,5.6187],[-73.5637,5.623],[-73.5653,5.6268],[-73.5618,5.6319],[-73.566,5.6323],[-73.5777,5.6311],[-73.582,5.6279],[-73.5827,5.6309],[-73.5875,5.6307],[-73.5906,5.639],[-73.5888,5.6456],[-73.59,5.6476],[-73.5846,5.661],[-73.5772,5.6701],[-73.5778,5.6752],[-73.5779,5.6791],[-73.5755,5.6862],[-73.5761,5.6926],[-73.5741,5.692],[-73.574,5.6894],[-73.569,5.6867],[-73.5687,5.6827],[-73.5657,5.6776],[-73.545,5.6795],[-73.5423,5.678],[-73.5389,5.6802],[-73.5328,5.6872],[-73.5288,5.6943],[-73.5266,5.6953],[-73.5251,5.7019],[-73.5215,5.7017],[-73.5186,5.7059],[-73.5197,5.7148],[-73.5228,5.7181],[-73.5228,5.7211],[-73.5157,5.7227],[-73.5145,5.7244],[-73.5073,5.7248],[-73.5034,5.7164],[-73.4908,5.7209],[-73.4875,5.7229],[-73.4777,5.7226],[-73.4765,5.7169],[-73.4667,5.7211],[-73.464,5.7256],[-73.4604,5.7269],[-73.4518,5.7256],[-73.45,5.7205],[-73.4421,5.7134],[-73.4324,5.7083],[-73.4293,5.7045],[-73.4234,5.7077],[-73.4282,5.6997]]]}},{"type":"Feature","id":"15646","properties":{"codigo_municipio":"15646","nombre_dane":"Samacá","lon_etiqueta":-73.4978,"lat_etiqueta":5.4789},"geometry":{"type":"Polygon","coordinates":[[[-73.4915,5.5355],[-73.4822,5.5303],[-73.477,5.5247],[-73.4652,5.5159],[-73.4579,5.5165],[-73.4566,5.5096],[-73.453,5.5023],[-73.4565,5.4977],[-73.4509,5.4959],[-73.4446,5.492],[-73.4323,5.4859],[-73.437,5.479],[-73.4473,5.4691],[-73.4505,5.4615],[-73.4545,5.4561],[-73.4559,5.4502],[-73.4658,5.4391],[-73.4702,5.4366],[-73.4736,5.4306],[-73.4782,5.4267],[-73.4823,5.4286],[-73.4881,5.4357],[-73.4925,5.4388],[-73.4964,5.4388],[-73.5009,5.4337],[-73.5082,5.4292],[-73.5127,5.4297],[-73.5227,5.4219],[-73.5308,5.4244],[-73.5377,5.4193],[-73.5415,5.4207],[-73.5539,5.4068],[-73.5616,5.4045],[-73.5708,5.4076],[-73.5753,5.407],[-73.5849,5.4027],[-73.5889,5.3985],[-73.5926,5.3984],[-73.5942,5.4003],[-73.6048,5.4038],[-73.6116,5.4053],[-73.6185,5.4048],[-73.6153,5.4101],[-73.6065,5.4137],[-73.6007,5.417],[-73.5973,5.4165],[-73.5931,5.4225],[-73.6004,5.4307],[-73.5965,5.436],[-73.5997,5.4386],[-73.5991,5.4443],[-73.6007,5.4486],[-73.5991,5.4578],[-73.6009,5.4596],[-73.5968,5.4626],[-73.5947,5.4664],[-73.5865,5.4667],[-73.5848,5.4685],[-73.5781,5.4667],[-73.5715,5.4718],[-73.5679,5.4784],[-73.5656,5.4757],[-73.5585,5.4782],[-73.5564,5.4824],[-73.5498,5.4903],[-73.5441,5.4946],[-73.5409,5.4952],[-73.5368,5.5003],[-73.543,5.5037],[-73.5485,5.5045],[-73.5501,5.5067],[-73.5585,5.5092],[-73.5589,5.5172],[-73.5547,5.5203],[-73.5513,5.5192],[-73.5499,5.5219],[-73.544,5.5274],[-73.5353,5.5307],[-73.5316,5.5306],[-73.5279,5.5328],[-73.5173,5.5335],[-73.5125,5.5408],[-73.5094,5.5422],[-73.5088,5.5463],[-73.5044,5.5527],[-73.5012,5.5552],[-73.4989,5.5595],[-73.4957,5.5576],[-73.4939,5.5536],[-73.4904,5.5516],[-73.4907,5.549],[-73.4915,5.5355]]]}},{"type":"Feature","id":"15299","properties":{"codigo_municipio":"15299","nombre_dane":"Garagoa","lon_etiqueta":-73.3163,"lat_etiqueta":5.0878},"geometry":{"type":"Polygon","coordinates":[[[-73.2521,5.1529],[-73.2457,5.15],[-73.2428,5.145],[-73.2365,5.1455],[-73.2306,5.1433],[-73.2361,5.1385],[-73.2324,5.131],[-73.2365,5.1261],[-73.239,5.1201],[-73.2387,5.1143],[-73.2417,5.1088],[-73.2503,5.1037],[-73.2503,5.1011],[-73.2561,5.0965],[-73.253,5.0883],[-73.2502,5.0863],[-73.2519,5.0803],[-73.2512,5.0734],[-73.2485,5.069],[-73.2528,5.0583],[-73.2526,5.0548],[-73.2557,5.0457],[-73.2628,5.0405],[-73.268,5.0329],[-73.282,5.0186],[-73.2857,5.0197],[-73.2863,5.0233],[-73.2835,5.0294],[-73.2852,5.0336],[-73.2885,5.0346],[-73.2903,5.0434],[-73.289,5.0479],[-73.2969,5.0479],[-73.3005,5.0453],[-73.308,5.0426],[-73.3116,5.0432],[-73.3206,5.0388],[-73.3263,5.0383],[-73.3312,5.0401],[-73.337,5.0387],[-73.3401,5.0351],[-73.3403,5.0304],[-73.3428,5.0264],[-73.3584,5.0234],[-73.363,5.0204],[-73.3644,5.0143],[-73.3714,5.0138],[-73.3769,5.0159],[-73.3856,5.0164],[-73.3886,5.0153],[-73.3913,5.0233],[-73.3912,5.0278],[-73.3946,5.0346],[-73.3947,5.0387],[-73.3927,5.0446],[-73.3938,5.048],[-73.3889,5.0647],[-73.3902,5.0688],[-73.3867,5.0714],[-73.3865,5.0773],[-73.3839,5.0848],[-73.3807,5.0873],[-73.3744,5.0983],[-73.376,5.1027],[-73.3639,5.1205],[-73.3654,5.1278],[-73.3631,5.1349],[-73.364,5.1368],[-73.3597,5.1405],[-73.349,5.1399],[-73.3429,5.1418],[-73.3335,5.1468],[-73.3261,5.1493],[-73.3187,5.1504],[-73.3156,5.1521],[-73.3052,5.1547],[-73.2984,5.1548],[-73.2915,5.1577],[-73.2853,5.162],[-73.2786,5.1603],[-73.2678,5.1554],[-73.2521,5.1529]]]}},{"type":"Feature","id":"15047","properties":{"codigo_municipio":"15047","nombre_dane":"Aquitania","lon_etiqueta":-72.8943,"lat_etiqueta":5.4206},"geometry":{"type":"Polygon","coordinates":[[[-72.9017,5.5801],[-72.8984,5.5858],[-72.9001,5.5911],[-72.9002,5.5987],[-72.8983,5.6077],[-72.8954,5.6106],[-72.8955,5.6137],[-72.8927,5.6141],[-72.8839,5.6087],[-72.8827,5.6065],[-72.8734,5.605],[-72.8605,5.6],[-72.8474,5.6002],[-72.8435,5.5961],[-72.8362,5.5958],[-72.8165,5.5871],[-72.8109,5.5836],[-72.8072,5.594],[-72.7971,5.6092],[-72.7955,5.615],[-72.7916,5.6203],[-72.7887,5.628],[-72.7846,5.6316],[-72.7777,5.6395],[-72.7708,5.6436],[-72.7631,5.6447],[-72.7618,5.6384],[-72.7547,5.639],[-72.7531,5.6378],[-72.7519,5.6308],[-72.7471,5.6295],[-72.746,5.6267],[-72.7473,5.6175],[-72.7432,5.6096],[-72.7401,5.609],[-72.7373,5.6129],[-72.7317,5.6173],[-72.7243,5.6187],[-72.7229,5.621],[-72.7166,5.625],[-72.7133,5.625],[-72.712,5.6194],[-72.7091,5.6156],[-72.7129,5.6094],[-72.7198,5.6056],[-72.7306,5.5931],[-72.7297,5.5919],[-72.7315,5.585],[-72.7386,5.5745],[-72.7444,5.5705],[-72.745,5.5647],[-72.7253,5.5585],[-72.7142,5.5577],[-72.7059,5.5602],[-72.6991,5.5565],[-72.693,5.5576],[-72.6895,5.5597],[-72.684,5.5462],[-72.6823,5.5441],[-72.6773,5.5427],[-72.6689,5.5365],[-72.6625,5.5388],[-72.6585,5.5295],[-72.656,5.5207],[-72.6563,5.5117],[-72.6554,5.5084],[-72.6566,5.5003],[-72.6753,5.4945],[-72.6801,5.494],[-72.6825,5.4895],[-72.6783,5.4789],[-72.6694,5.4661],[-72.6661,5.4591],[-72.66,5.4534],[-72.6524,5.4493],[-72.6671,5.4361],[-72.6664,5.441],[-72.6688,5.444],[-72.6781,5.4511],[-72.6851,5.4476],[-72.6857,5.4452],[-72.6952,5.4393],[-72.6966,5.442],[-72.6998,5.4421],[-72.7038,5.4451],[-72.7087,5.4572],[-72.7062,5.4597],[-72.7083,5.4632],[-72.7075,5.479],[-72.7111,5.4806],[-72.7131,5.4842],[-72.7164,5.4839],[-72.7198,5.4862],[-72.7272,5.4867],[-72.7285,5.4801],[-72.7325,5.4748],[-72.7378,5.4705],[-72.7441,5.4703],[-72.7508,5.4668],[-72.7585,5.4566],[-72.7626,5.4551],[-72.7739,5.4475],[-72.7792,5.4422],[-72.7799,5.4396],[-72.7857,5.436],[-72.7916,5.4235],[-72.7971,5.4161],[-72.7983,5.4107],[-72.7976,5.3961],[-72.8054,5.394],[-72.8113,5.3864],[-72.8138,5.3853],[-72.815,5.3808],[-72.8121,5.3782],[-72.8219,5.3696],[-72.8291,5.3664],[-72.8332,5.3669],[-72.8418,5.3636],[-72.8461,5.3535],[-72.8497,5.3512],[-72.8554,5.3419],[-72.8595,5.3404],[-72.8667,5.3405],[-72.8657,5.3471],[-72.8664,5.3526],[-72.8754,5.3573],[-72.8827,5.3632],[-72.8857,5.3588],[-72.8865,5.3543],[-72.8846,5.3499],[-72.8784,5.3499],[-72.8823,5.3467],[-72.8862,5.3368],[-72.8896,5.3311],[-72.8884,5.3265],[-72.8892,5.3196],[-72.8878,5.3161],[-72.8929,5.3109],[-72.8997,5.2994],[-72.9007,5.2941],[-72.8921,5.2871],[-72.8919,5.2807],[-72.8954,5.2724],[-72.8954,5.264],[-72.8972,5.26],[-72.9104,5.2456],[-72.9147,5.2376],[-72.9184,5.2283],[-72.9225,5.2236],[-72.9233,5.2153],[-72.9289,5.2075],[-72.9373,5.2041],[-72.9348,5.2089],[-72.9356,5.2134],[-72.945,5.2103],[-72.9501,5.2133],[-72.958,5.2099],[-72.9657,5.2041],[-72.9702,5.202],[-72.9754,5.1967],[-72.9823,5.196],[-72.9857,5.1984],[-72.9877,5.2036],[-72.9933,5.2087],[-72.9996,5.2118],[-73.0036,5.2115],[-73.0101,5.2145],[-73.0101,5.2158],[-73.0002,5.2379],[-72.9952,5.2456],[-72.9951,5.2533],[-72.9973,5.2584],[-73.0072,5.2601],[-73.0112,5.2622],[-73.0231,5.2784],[-73.0286,5.288],[-73.028,5.2999],[-73.04,5.3086],[-73.0416,5.3124],[-73.0461,5.3204],[-73.0444,5.3238],[-73.0406,5.3257],[-73.0427,5.3361],[-73.0449,5.3409],[-73.0447,5.3452],[-73.0464,5.3538],[-73.0431,5.3602],[-73.0339,5.3709],[-73.0302,5.371],[-73.0163,5.3846],[-73.01,5.3864],[-73.0088,5.3939],[-73.0122,5.3948],[-73.0091,5.3993],[-73.0074,5.405],[-73.0025,5.4147],[-72.9958,5.4192],[-72.9921,5.4292],[-72.9921,5.4347],[-72.9879,5.4386],[-72.9866,5.4419],[-72.988,5.4484],[-72.992,5.4582],[-72.9859,5.4665],[-72.973,5.4698],[-72.9709,5.4692],[-72.9674,5.4728],[-72.9649,5.4798],[-72.9633,5.4807],[-72.9619,5.4875],[-72.9553,5.4991],[-72.9423,5.5123],[-72.9297,5.5284],[-72.9237,5.5376],[-72.921,5.5465],[-72.9207,5.5537],[-72.922,5.5592],[-72.9258,5.5672],[-72.9017,5.5801]]]}},{"type":"Feature","id":"15491","properties":{"codigo_municipio":"15491","nombre_dane":"Nobsa","lon_etiqueta":-72.9263,"lat_etiqueta":5.7762},"geometry":{"type":"Polygon","coordinates":[[[-72.8923,5.7965],[-72.8864,5.7938],[-72.8812,5.7957],[-72.8768,5.7938],[-72.8778,5.7855],[-72.8727,5.7734],[-72.8751,5.7705],[-72.8788,5.7712],[-72.8833,5.7695],[-72.8821,5.7675],[-72.8858,5.7627],[-72.8934,5.7625],[-72.8957,5.7582],[-72.8985,5.7616],[-72.9022,5.7613],[-72.9122,5.7575],[-72.9283,5.7592],[-72.9312,5.7545],[-72.9354,5.7509],[-72.9391,5.7509],[-72.9447,5.7461],[-72.9496,5.7477],[-72.9546,5.7446],[-72.9596,5.7449],[-72.958,5.7466],[-72.9605,5.7502],[-72.9635,5.7505],[-72.9669,5.7545],[-72.9715,5.7562],[-72.9727,5.7619],[-72.9725,5.7682],[-72.9757,5.7752],[-72.9791,5.7767],[-72.9833,5.7825],[-72.9857,5.7831],[-72.9863,5.7865],[-72.9789,5.7884],[-72.9824,5.8006],[-72.9752,5.8032],[-72.9672,5.8019],[-72.9542,5.8079],[-72.9501,5.8084],[-72.9432,5.8066],[-72.943,5.8042],[-72.938,5.8031],[-72.9366,5.8],[-72.9334,5.7988],[-72.9268,5.801],[-72.9174,5.8003],[-72.9128,5.7977],[-72.9075,5.8009],[-72.9018,5.801],[-72.8962,5.7953],[-72.8923,5.7965]]]}},{"type":"Feature","id":"15861","properties":{"codigo_municipio":"15861","nombre_dane":"Ventaquemada","lon_etiqueta":-73.5261,"lat_etiqueta":5.3829},"geometry":{"type":"Polygon","coordinates":[[[-73.4403,5.4064],[-73.4418,5.4046],[-73.442,5.3979],[-73.4459,5.3927],[-73.4472,5.3873],[-73.4499,5.385],[-73.4516,5.3874],[-73.4546,5.3856],[-73.4606,5.3776],[-73.4666,5.3789],[-73.4726,5.3726],[-73.4776,5.3701],[-73.4851,5.3688],[-73.4927,5.3634],[-73.4947,5.3598],[-73.5045,5.3528],[-73.5101,5.3456],[-73.5129,5.3396],[-73.5222,5.3457],[-73.5262,5.3415],[-73.5287,5.3429],[-73.5398,5.3411],[-73.5494,5.3326],[-73.5519,5.3272],[-73.5488,5.3244],[-73.553,5.3137],[-73.5529,5.3102],[-73.5461,5.3008],[-73.548,5.2996],[-73.5541,5.2968],[-73.5567,5.2996],[-73.5621,5.3012],[-73.5672,5.3047],[-73.5773,5.3015],[-73.5891,5.3075],[-73.5898,5.31],[-73.5994,5.3188],[-73.5993,5.3219],[-73.594,5.3291],[-73.5927,5.3334],[-73.5937,5.3378],[-73.5907,5.344],[-73.5932,5.3469],[-73.5947,5.3611],[-73.5995,5.3703],[-73.5988,5.3783],[-73.596,5.383],[-73.5901,5.3899],[-73.5926,5.3984],[-73.5889,5.3985],[-73.5849,5.4027],[-73.5753,5.407],[-73.5708,5.4076],[-73.5616,5.4045],[-73.5539,5.4068],[-73.5415,5.4207],[-73.5377,5.4193],[-73.5308,5.4244],[-73.5227,5.4219],[-73.5127,5.4297],[-73.5082,5.4292],[-73.5009,5.4337],[-73.4964,5.4388],[-73.4925,5.4388],[-73.4881,5.4357],[-73.4823,5.4286],[-73.4782,5.4267],[-73.4736,5.4306],[-73.4702,5.4366],[-73.4658,5.4391],[-73.4559,5.4502],[-73.4545,5.4561],[-73.4505,5.4615],[-73.4473,5.4691],[-73.4469,5.467],[-73.4393,5.4615],[-73.4374,5.456],[-73.4309,5.4508],[-73.4215,5.4487],[-73.4212,5.4464],[-73.4158,5.4485],[-73.4176,5.4415],[-73.4253,5.4375],[-73.4334,5.4244],[-73.4404,5.4175],[-73.4409,5.4151],[-73.4403,5.4064]]]}},{"type":"Feature","id":"15806","properties":{"codigo_municipio":"15806","nombre_dane":"Tibasosa","lon_etiqueta":-73.0129,"lat_etiqueta":5.7481},"geometry":{"type":"Polygon","coordinates":[[[-73.0419,5.7709],[-73.0407,5.7756],[-73.0359,5.7776],[-73.0339,5.7807],[-73.0283,5.7787],[-73.0219,5.7831],[-73.0227,5.7845],[-73.0162,5.7951],[-73.0177,5.7987],[-73.0133,5.809],[-73.0056,5.8075],[-72.9942,5.8075],[-72.9932,5.8053],[-72.9922,5.8052],[-72.9903,5.8],[-72.9914,5.7974],[-72.9889,5.7951],[-72.9894,5.7912],[-72.9871,5.7903],[-72.9863,5.7865],[-72.9857,5.7831],[-72.9833,5.7825],[-72.9791,5.7767],[-72.9757,5.7752],[-72.9725,5.7682],[-72.9727,5.7619],[-72.9715,5.7562],[-72.9669,5.7545],[-72.9635,5.7505],[-72.9605,5.7502],[-72.958,5.7466],[-72.9596,5.7449],[-72.9546,5.7446],[-72.9496,5.7477],[-72.9447,5.7461],[-72.9464,5.7395],[-72.9447,5.7372],[-72.9463,5.7285],[-72.944,5.7249],[-72.9474,5.7144],[-72.9529,5.7143],[-72.961,5.7112],[-72.9649,5.7087],[-72.9703,5.7158],[-72.9726,5.7206],[-72.9812,5.7192],[-72.9868,5.7211],[-72.9941,5.7205],[-72.9984,5.7228],[-73.0001,5.7213],[-73.0091,5.7196],[-73.0201,5.7218],[-73.0242,5.7245],[-73.0299,5.7206],[-73.0324,5.7151],[-73.0355,5.7137],[-73.0386,5.7084],[-73.0374,5.7069],[-73.039,5.7012],[-73.0443,5.6957],[-73.0547,5.6891],[-73.0594,5.687],[-73.0606,5.688],[-73.0592,5.6942],[-73.0566,5.6984],[-73.057,5.7019],[-73.0624,5.7032],[-73.0662,5.7177],[-73.0674,5.7255],[-73.0664,5.731],[-73.0667,5.7442],[-73.0678,5.7467],[-73.0661,5.75],[-73.0638,5.7485],[-73.06,5.7564],[-73.0592,5.7614],[-73.0508,5.7739],[-73.0419,5.7709]]]}},{"type":"Feature","id":"15632","properties":{"codigo_municipio":"15632","nombre_dane":"Saboyá","lon_etiqueta":-73.7431,"lat_etiqueta":5.7045},"geometry":{"type":"Polygon","coordinates":[[[-73.6532,5.7025],[-73.6565,5.692],[-73.6679,5.6792],[-73.6703,5.6726],[-73.6703,5.6664],[-73.6773,5.6504],[-73.6776,5.6435],[-73.6808,5.6366],[-73.6861,5.6296],[-73.6896,5.6276],[-73.6914,5.6295],[-73.6959,5.6292],[-73.6988,5.636],[-73.702,5.6365],[-73.7068,5.632],[-73.7166,5.6322],[-73.7186,5.6337],[-73.7257,5.6337],[-73.731,5.6367],[-73.7355,5.6418],[-73.744,5.6431],[-73.7488,5.6427],[-73.7519,5.6464],[-73.7583,5.6435],[-73.7656,5.638],[-73.7711,5.6369],[-73.7787,5.6368],[-73.7799,5.6337],[-73.7857,5.6359],[-73.7868,5.6385],[-73.7943,5.6419],[-73.8012,5.6425],[-73.8061,5.6412],[-73.8149,5.6468],[-73.819,5.6532],[-73.8243,5.6559],[-73.8278,5.6622],[-73.8349,5.6669],[-73.8361,5.6723],[-73.8354,5.6827],[-73.8318,5.694],[-73.834,5.6971],[-73.8299,5.7026],[-73.8336,5.7046],[-73.8392,5.7029],[-73.8441,5.7077],[-73.8491,5.709],[-73.8577,5.7074],[-73.8624,5.7003],[-73.8618,5.6975],[-73.866,5.6933],[-73.8796,5.6902],[-73.8863,5.69],[-73.8833,5.6946],[-73.8829,5.6993],[-73.8802,5.7076],[-73.8743,5.708],[-73.862,5.711],[-73.8569,5.7173],[-73.8565,5.7262],[-73.854,5.7264],[-73.8429,5.7366],[-73.8371,5.7397],[-73.83,5.7393],[-73.8234,5.7404],[-73.8192,5.7375],[-73.8186,5.7343],[-73.8196,5.7252],[-73.8188,5.7216],[-73.8204,5.7167],[-73.8125,5.715],[-73.8066,5.7204],[-73.8038,5.7245],[-73.7961,5.7279],[-73.792,5.7327],[-73.79,5.7399],[-73.7822,5.7468],[-73.765,5.7716],[-73.754,5.7711],[-73.7513,5.7687],[-73.748,5.7705],[-73.7359,5.7724],[-73.7317,5.7701],[-73.7257,5.7708],[-73.7179,5.775],[-73.7164,5.7814],[-73.7144,5.7817],[-73.7109,5.7765],[-73.7058,5.7744],[-73.6974,5.7642],[-73.6937,5.7577],[-73.6843,5.751],[-73.6805,5.7516],[-73.6729,5.7483],[-73.6677,5.7384],[-73.667,5.7346],[-73.6637,5.7281],[-73.6514,5.7144],[-73.6518,5.7124],[-73.6532,5.7025]]]}},{"type":"Feature","id":"15322","properties":{"codigo_municipio":"15322","nombre_dane":"Guateque","lon_etiqueta":-73.4944,"lat_etiqueta":5.0226},"geometry":{"type":"Polygon","coordinates":[[[-73.478,5.0493],[-73.4801,5.0404],[-73.4832,5.0358],[-73.4783,5.0317],[-73.4716,5.0282],[-73.4667,5.0226],[-73.4664,5.0177],[-73.4633,5.0107],[-73.4631,5.0065],[-73.4592,4.9999],[-73.4557,5.0034],[-73.4547,5.0014],[-73.4498,5.0005],[-73.4472,4.9981],[-73.4471,4.9947],[-73.4534,4.992],[-73.4583,4.987],[-73.4659,4.9829],[-73.475,4.9834],[-73.4779,4.9867],[-73.486,4.9866],[-73.4881,4.9854],[-73.4941,4.9885],[-73.4979,4.9876],[-73.5007,4.9925],[-73.507,4.9964],[-73.5103,4.9979],[-73.5157,5.0038],[-73.5178,5.0038],[-73.5177,5.0112],[-73.5219,5.0175],[-73.5224,5.0292],[-73.516,5.0354],[-73.5025,5.0397],[-73.4962,5.0399],[-73.4909,5.0468],[-73.4863,5.0509],[-73.4857,5.0542],[-73.4876,5.0589],[-73.4838,5.0593],[-73.4801,5.0625],[-73.4796,5.0616],[-73.475,5.0578],[-73.4736,5.0515],[-73.478,5.0493]]]}},{"type":"Feature","id":"15599","properties":{"codigo_municipio":"15599","nombre_dane":"Ramiriquí","lon_etiqueta":-73.3042,"lat_etiqueta":5.3284},"geometry":{"type":"Polygon","coordinates":[[[-73.3172,5.4372],[-73.3215,5.4314],[-73.3225,5.4261],[-73.3265,5.4217],[-73.3301,5.4144],[-73.3231,5.4134],[-73.319,5.4066],[-73.3224,5.3963],[-73.3226,5.392],[-73.3169,5.3873],[-73.3093,5.3743],[-73.2993,5.3658],[-73.2984,5.3622],[-73.2912,5.3594],[-73.2856,5.3497],[-73.2869,5.3483],[-73.2867,5.3402],[-73.2839,5.3385],[-73.2816,5.3307],[-73.2823,5.3247],[-73.2779,5.3229],[-73.2735,5.325],[-73.2689,5.322],[-73.2634,5.3224],[-73.2642,5.3202],[-73.2754,5.3057],[-73.2753,5.301],[-73.2727,5.2991],[-73.2794,5.2912],[-73.2841,5.2899],[-73.2859,5.2874],[-73.288,5.2771],[-73.285,5.273],[-73.285,5.2658],[-73.279,5.2609],[-73.2777,5.257],[-73.2793,5.2453],[-73.2727,5.2425],[-73.2697,5.2393],[-73.2631,5.2368],[-73.2575,5.2366],[-73.2532,5.233],[-73.2473,5.2305],[-73.2482,5.2281],[-73.2543,5.2268],[-73.2564,5.2196],[-73.2757,5.2139],[-73.2835,5.2067],[-73.2891,5.2076],[-73.2946,5.2106],[-73.3003,5.2164],[-73.3035,5.2174],[-73.3096,5.2276],[-73.3123,5.2277],[-73.3197,5.2311],[-73.3203,5.2355],[-73.3247,5.2388],[-73.3202,5.2418],[-73.3205,5.248],[-73.3296,5.2617],[-73.3261,5.2629],[-73.309,5.2719],[-73.3084,5.278],[-73.3104,5.2783],[-73.3176,5.2841],[-73.3236,5.2935],[-73.3263,5.2934],[-73.3319,5.308],[-73.3293,5.3108],[-73.3364,5.3145],[-73.335,5.3181],[-73.3245,5.3253],[-73.333,5.3359],[-73.338,5.3373],[-73.3364,5.3438],[-73.3331,5.3485],[-73.3398,5.3538],[-73.3455,5.3553],[-73.3496,5.3583],[-73.3548,5.359],[-73.3639,5.3635],[-73.366,5.3625],[-73.3632,5.371],[-73.3651,5.3734],[-73.3639,5.3793],[-73.36,5.3904],[-73.3546,5.3991],[-73.3512,5.4078],[-73.3475,5.4144],[-73.3487,5.4244],[-73.352,5.4321],[-73.3489,5.4307],[-73.3412,5.4361],[-73.3387,5.435],[-73.3346,5.4414],[-73.332,5.4403],[-73.3226,5.4489],[-73.3203,5.45],[-73.3172,5.4478],[-73.3152,5.4433],[-73.3172,5.4372]]]}},{"type":"Feature","id":"15804","properties":{"codigo_municipio":"15804","nombre_dane":"Tibana","lon_etiqueta":-73.3916,"lat_etiqueta":5.3074},"geometry":{"type":"Polygon","coordinates":[[[-73.4116,5.3725],[-73.4076,5.3713],[-73.4051,5.3626],[-73.4016,5.3588],[-73.3936,5.3568],[-73.3898,5.3597],[-73.3816,5.3566],[-73.3773,5.348],[-73.3743,5.3461],[-73.3778,5.3414],[-73.3734,5.3384],[-73.3694,5.3378],[-73.3569,5.3328],[-73.3537,5.3261],[-73.3483,5.3205],[-73.3468,5.3174],[-73.3364,5.3145],[-73.3293,5.3108],[-73.3319,5.308],[-73.3263,5.2934],[-73.3236,5.2935],[-73.3176,5.2841],[-73.3104,5.2783],[-73.3084,5.278],[-73.309,5.2719],[-73.3261,5.2629],[-73.3296,5.2617],[-73.3371,5.2783],[-73.3422,5.2818],[-73.3474,5.2825],[-73.3577,5.2778],[-73.3591,5.2706],[-73.3642,5.2659],[-73.3694,5.2657],[-73.3732,5.2629],[-73.3782,5.2625],[-73.3918,5.2514],[-73.3964,5.2458],[-73.4013,5.2427],[-73.4014,5.2469],[-73.4045,5.2496],[-73.4062,5.2546],[-73.4162,5.2547],[-73.4245,5.2533],[-73.4331,5.2507],[-73.4427,5.244],[-73.4494,5.2467],[-73.4506,5.2534],[-73.4467,5.2604],[-73.4459,5.27],[-73.4487,5.275],[-73.4479,5.2787],[-73.4434,5.2844],[-73.4321,5.2959],[-73.4343,5.2971],[-73.4295,5.3002],[-73.4338,5.3009],[-73.4421,5.299],[-73.4519,5.3036],[-73.4519,5.3095],[-73.4545,5.3101],[-73.4509,5.3127],[-73.4479,5.3189],[-73.447,5.325],[-73.4483,5.3268],[-73.4432,5.3278],[-73.4298,5.3405],[-73.425,5.3464],[-73.4214,5.3529],[-73.4187,5.3554],[-73.4166,5.363],[-73.4192,5.3668],[-73.4185,5.3715],[-73.4116,5.3725]]]}},{"type":"Feature","id":"15693","properties":{"codigo_municipio":"15693","nombre_dane":"Santa Rosa De Viterbo","lon_etiqueta":-72.9848,"lat_etiqueta":5.9036},"geometry":{"type":"Polygon","coordinates":[[[-72.993,5.8115],[-72.9945,5.813],[-72.9971,5.8222],[-72.9976,5.8278],[-72.9997,5.8316],[-73.0056,5.8283],[-73.0102,5.8243],[-73.0147,5.8393],[-73.0141,5.8495],[-73.0116,5.8529],[-73.013,5.856],[-73.0126,5.8616],[-73.0087,5.8642],[-73.0085,5.8698],[-73.013,5.8847],[-73.0169,5.8881],[-73.0164,5.8944],[-73.023,5.9083],[-73.0267,5.9127],[-73.0247,5.9158],[-73.0241,5.921],[-73.0215,5.9259],[-73.0238,5.9323],[-73.0308,5.938],[-73.035,5.9431],[-73.0355,5.9599],[-73.0408,5.9647],[-73.0433,5.9696],[-73.0487,5.9735],[-73.0487,5.9777],[-73.0455,5.9827],[-73.0445,5.9869],[-73.0403,5.994],[-73.0417,5.9995],[-73.0412,6.0033],[-73.0347,6.0088],[-73.0325,6.0202],[-73.0312,6.0212],[-73.0283,6.0169],[-73.0274,6.0116],[-73.0286,6.0035],[-73.0271,6.0004],[-73.0281,5.9966],[-73.0216,5.9915],[-73.0202,5.9824],[-73.0207,5.9781],[-73.018,5.9704],[-73.0112,5.9631],[-73.0053,5.9589],[-73.0003,5.9484],[-73.0045,5.9441],[-73.0019,5.9391],[-72.9955,5.9358],[-72.9938,5.9334],[-72.9866,5.9314],[-72.9817,5.9287],[-72.9712,5.9263],[-72.967,5.9266],[-72.9633,5.9299],[-72.9598,5.9274],[-72.9549,5.9285],[-72.9511,5.927],[-72.9501,5.929],[-72.9465,5.9268],[-72.9423,5.9288],[-72.9377,5.9285],[-72.9329,5.9226],[-72.9277,5.9244],[-72.9308,5.9216],[-72.9309,5.9119],[-72.934,5.9105],[-72.9402,5.9118],[-72.9484,5.9045],[-72.9509,5.898],[-72.9497,5.8924],[-72.9522,5.8885],[-72.9551,5.8886],[-72.959,5.8827],[-72.9603,5.8773],[-72.9758,5.8585],[-72.9713,5.8487],[-72.9673,5.8465],[-72.9625,5.8406],[-72.9597,5.8395],[-72.9521,5.8304],[-72.9483,5.8273],[-72.9487,5.8237],[-72.9467,5.821],[-72.9451,5.8109],[-72.9432,5.8066],[-72.9501,5.8084],[-72.9542,5.8079],[-72.9672,5.8019],[-72.9752,5.8032],[-72.9824,5.8006],[-72.9789,5.7884],[-72.9863,5.7865],[-72.9871,5.7903],[-72.9894,5.7912],[-72.9889,5.7951],[-72.9914,5.7974],[-72.9903,5.8],[-72.9922,5.8052],[-72.993,5.8115]]]}},{"type":"Feature","id":"15204","properties":{"codigo_municipio":"15204","nombre_dane":"Combita","lon_etiqueta":-73.3091,"lat_etiqueta":5.691},"geometry":{"type":"Polygon","coordinates":[[[-73.2664,5.6968],[-73.269,5.6937],[-73.2708,5.6859],[-73.2662,5.6839],[-73.261,5.6849],[-73.2638,5.6734],[-73.2632,5.6708],[-73.2675,5.6669],[-73.2673,5.6645],[-73.2703,5.6585],[-73.278,5.6559],[-73.2785,5.6522],[-73.2851,5.6494],[-73.2922,5.6387],[-73.2955,5.6361],[-73.3005,5.6297],[-73.3053,5.6274],[-73.317,5.6148],[-73.3187,5.6113],[-73.3218,5.5978],[-73.3261,5.5895],[-73.3247,5.5857],[-73.3273,5.5802],[-73.3321,5.5759],[-73.3413,5.5841],[-73.3398,5.5879],[-73.343,5.5939],[-73.3445,5.6047],[-73.3516,5.612],[-73.3554,5.6137],[-73.3606,5.6218],[-73.3576,5.6253],[-73.3594,5.6305],[-73.3631,5.6293],[-73.365,5.6426],[-73.3625,5.6448],[-73.3607,5.6527],[-73.3608,5.6606],[-73.3631,5.6645],[-73.3619,5.664],[-73.3563,5.668],[-73.3473,5.6704],[-73.344,5.6758],[-73.3443,5.6788],[-73.3418,5.6797],[-73.348,5.6851],[-73.3484,5.6908],[-73.3504,5.6972],[-73.3558,5.7046],[-73.3598,5.7053],[-73.3652,5.7038],[-73.3678,5.7149],[-73.3724,5.7177],[-73.373,5.7208],[-73.3765,5.7208],[-73.3782,5.7255],[-73.377,5.7346],[-73.3743,5.7385],[-73.3742,5.7428],[-73.3797,5.7461],[-73.3769,5.7495],[-73.3798,5.7519],[-73.3797,5.7564],[-73.3817,5.7605],[-73.379,5.7634],[-73.3791,5.7676],[-73.3752,5.7752],[-73.3735,5.7828],[-73.3715,5.7864],[-73.3658,5.7896],[-73.3647,5.7932],[-73.3593,5.7983],[-73.357,5.8062],[-73.3551,5.7989],[-73.3524,5.7953],[-73.3487,5.7936],[-73.3503,5.7901],[-73.3481,5.7885],[-73.3435,5.7743],[-73.3434,5.7682],[-73.3345,5.7674],[-73.3362,5.7626],[-73.3337,5.7572],[-73.3299,5.7544],[-73.325,5.7414],[-73.3174,5.7322],[-73.3164,5.7283],[-73.3117,5.725],[-73.3093,5.7178],[-73.3004,5.7132],[-73.301,5.7092],[-73.2937,5.7028],[-73.2942,5.6966],[-73.2899,5.7002],[-73.2868,5.7002],[-73.2814,5.703],[-73.2779,5.7068],[-73.2753,5.7061],[-73.2722,5.709],[-73.2683,5.7042],[-73.2641,5.7038],[-73.2664,5.6968]]]}},{"type":"Feature","id":"15753","properties":{"codigo_municipio":"15753","nombre_dane":"Soatá","lon_etiqueta":-72.7007,"lat_etiqueta":6.3218},"geometry":{"type":"Polygon","coordinates":[[[-72.6566,6.3738],[-72.6554,6.371],[-72.6573,6.3653],[-72.6571,6.3588],[-72.6556,6.3519],[-72.652,6.3417],[-72.6529,6.3375],[-72.6512,6.3366],[-72.6518,6.3293],[-72.6481,6.3243],[-72.6491,6.3201],[-72.6446,6.3129],[-72.6457,6.309],[-72.644,6.3051],[-72.6467,6.294],[-72.6465,6.2905],[-72.6428,6.2874],[-72.6412,6.2791],[-72.6479,6.2757],[-72.6502,6.2687],[-72.6543,6.2672],[-72.6595,6.2616],[-72.6605,6.271],[-72.662,6.274],[-72.6699,6.2667],[-72.6741,6.2598],[-72.6872,6.2576],[-72.6912,6.2606],[-72.6926,6.2647],[-72.693,6.273],[-72.6983,6.2783],[-72.7034,6.2788],[-72.7059,6.285],[-72.7135,6.2868],[-72.722,6.2921],[-72.7227,6.2975],[-72.7301,6.2971],[-72.7333,6.2955],[-72.736,6.2904],[-72.7393,6.2889],[-72.7429,6.278],[-72.7459,6.2749],[-72.754,6.2789],[-72.7549,6.2807],[-72.7544,6.2961],[-72.7583,6.3059],[-72.7568,6.3096],[-72.7576,6.317],[-72.7539,6.3188],[-72.7499,6.3236],[-72.7507,6.3354],[-72.7493,6.3378],[-72.7484,6.3476],[-72.7374,6.3549],[-72.7314,6.3569],[-72.7313,6.3667],[-72.7258,6.3716],[-72.7217,6.3713],[-72.7164,6.3764],[-72.7133,6.3835],[-72.7084,6.3801],[-72.7012,6.3848],[-72.7004,6.3835],[-72.6902,6.3848],[-72.688,6.3836],[-72.6825,6.3853],[-72.674,6.3777],[-72.6703,6.3792],[-72.6677,6.3774],[-72.655,6.3779],[-72.6566,6.3738]]]}},{"type":"Feature","id":"15455","properties":{"codigo_municipio":"15455","nombre_dane":"Miraflores","lon_etiqueta":-73.1684,"lat_etiqueta":5.1515},"geometry":{"type":"Polygon","coordinates":[[[-73.2512,5.0734],[-73.2519,5.0803],[-73.2502,5.0863],[-73.253,5.0883],[-73.2561,5.0965],[-73.2503,5.1011],[-73.2503,5.1037],[-73.2417,5.1088],[-73.2387,5.1143],[-73.239,5.1201],[-73.2365,5.1261],[-73.2324,5.131],[-73.2361,5.1385],[-73.2306,5.1433],[-73.2365,5.1455],[-73.2428,5.145],[-73.2457,5.15],[-73.2521,5.1529],[-73.2678,5.1554],[-73.2606,5.1568],[-73.2572,5.1616],[-73.2564,5.1654],[-73.2581,5.1725],[-73.2705,5.1767],[-73.2802,5.1862],[-73.2846,5.1882],[-73.292,5.1961],[-73.2957,5.1983],[-73.2901,5.1976],[-73.2839,5.1935],[-73.279,5.1918],[-73.2733,5.1929],[-73.2687,5.1895],[-73.264,5.1903],[-73.2578,5.185],[-73.2517,5.1889],[-73.242,5.1889],[-73.2352,5.1923],[-73.2251,5.2015],[-73.2241,5.2057],[-73.2178,5.2111],[-73.216,5.2173],[-73.2178,5.2232],[-73.2154,5.2317],[-73.2073,5.2359],[-73.204,5.2351],[-73.2001,5.2367],[-73.194,5.2369],[-73.1915,5.24],[-73.1852,5.2377],[-73.1739,5.2366],[-73.1705,5.2398],[-73.1612,5.2388],[-73.1588,5.2354],[-73.1542,5.2346],[-73.1482,5.229],[-73.1441,5.2238],[-73.142,5.2238],[-73.139,5.219],[-73.1293,5.2088],[-73.1231,5.2077],[-73.1187,5.2029],[-73.1149,5.2025],[-73.109,5.198],[-73.1028,5.1907],[-73.1048,5.1852],[-73.0982,5.1701],[-73.0938,5.168],[-73.089,5.1607],[-73.0875,5.1558],[-73.0894,5.1496],[-73.0963,5.1385],[-73.1023,5.1323],[-73.1074,5.1224],[-73.11,5.1149],[-73.1128,5.1119],[-73.1185,5.1021],[-73.1235,5.1],[-73.1275,5.0947],[-73.1301,5.0933],[-73.1362,5.0868],[-73.1418,5.0827],[-73.1438,5.083],[-73.1517,5.074],[-73.1615,5.075],[-73.1676,5.0741],[-73.1751,5.0669],[-73.1835,5.0654],[-73.1887,5.0631],[-73.1935,5.0637],[-73.2059,5.0698],[-73.2142,5.0706],[-73.2216,5.0726],[-73.2288,5.0776],[-73.2442,5.0721],[-73.2485,5.069],[-73.2512,5.0734]]]}},{"type":"Feature","id":"15837","properties":{"codigo_municipio":"15837","nombre_dane":"Tuta","lon_etiqueta":-73.188,"lat_etiqueta":5.6795},"geometry":{"type":"Polygon","coordinates":[[[-73.2201,5.6249],[-73.2258,5.6276],[-73.2293,5.6261],[-73.2301,5.6306],[-73.228,5.6334],[-73.2286,5.6369],[-73.2319,5.6313],[-73.2318,5.6267],[-73.236,5.6271],[-73.243,5.6311],[-73.245,5.6275],[-73.2531,5.634],[-73.257,5.6403],[-73.2574,5.6457],[-73.2555,5.6532],[-73.2571,5.6569],[-73.2673,5.6645],[-73.2675,5.6669],[-73.2632,5.6708],[-73.2638,5.6734],[-73.261,5.6849],[-73.2662,5.6839],[-73.2708,5.6859],[-73.269,5.6937],[-73.2664,5.6968],[-73.2641,5.7038],[-73.2518,5.7047],[-73.2486,5.708],[-73.2458,5.7066],[-73.2434,5.7087],[-73.2311,5.7141],[-73.2249,5.7221],[-73.2212,5.7203],[-73.2217,5.7248],[-73.219,5.7296],[-73.2016,5.7377],[-73.1979,5.732],[-73.1913,5.7287],[-73.1925,5.7246],[-73.1887,5.723],[-73.1806,5.7163],[-73.1778,5.721],[-73.1807,5.725],[-73.1756,5.724],[-73.165,5.7265],[-73.1558,5.7274],[-73.1576,5.726],[-73.1584,5.7198],[-73.1545,5.7156],[-73.1491,5.7129],[-73.1392,5.7054],[-73.137,5.7025],[-73.128,5.6978],[-73.1221,5.6911],[-73.1105,5.6764],[-73.1066,5.6656],[-73.1081,5.6609],[-73.1025,5.6591],[-73.1034,5.6546],[-73.0958,5.6476],[-73.0926,5.6472],[-73.0846,5.6407],[-73.0797,5.6298],[-73.0761,5.6285],[-73.0785,5.6251],[-73.0762,5.6201],[-73.0794,5.6181],[-73.0947,5.6212],[-73.1006,5.6236],[-73.1068,5.6281],[-73.1113,5.625],[-73.1165,5.6256],[-73.1239,5.6292],[-73.13,5.6337],[-73.1355,5.6295],[-73.1426,5.63],[-73.1479,5.6256],[-73.1548,5.6263],[-73.1541,5.6276],[-73.161,5.6272],[-73.1655,5.6241],[-73.1831,5.6425],[-73.1859,5.6501],[-73.1893,5.6518],[-73.1913,5.6446],[-73.2026,5.6358],[-73.2118,5.6303],[-73.2131,5.6264],[-73.2201,5.6249]]]}},{"type":"Feature","id":"15087","properties":{"codigo_municipio":"15087","nombre_dane":"Belén","lon_etiqueta":-72.9175,"lat_etiqueta":6.0168},"geometry":{"type":"Polygon","coordinates":[[[-72.8084,6.0223],[-72.8083,6.0199],[-72.8039,6.0167],[-72.7981,6.017],[-72.7961,6.0155],[-72.7914,6.0065],[-72.7964,5.9948],[-72.8098,5.9864],[-72.8134,5.9797],[-72.8183,5.978],[-72.8248,5.9737],[-72.8283,5.9745],[-72.8311,5.972],[-72.8339,5.9667],[-72.834,5.9632],[-72.8408,5.9578],[-72.8505,5.9558],[-72.8532,5.9531],[-72.8539,5.9485],[-72.8583,5.9471],[-72.8683,5.9403],[-72.8732,5.9422],[-72.8774,5.948],[-72.8827,5.9399],[-72.8854,5.9405],[-72.8901,5.9353],[-72.8941,5.9391],[-72.9038,5.9427],[-72.9109,5.9426],[-72.9141,5.9449],[-72.9169,5.9494],[-72.9164,5.9554],[-72.9195,5.9573],[-72.9263,5.9641],[-72.9334,5.9691],[-72.931,5.9714],[-72.9368,5.9766],[-72.9397,5.9766],[-72.9433,5.9804],[-72.9474,5.9819],[-72.9522,5.9936],[-72.9581,5.9968],[-72.958,6.0006],[-72.9657,6.0075],[-72.9676,6.0103],[-72.967,6.0143],[-72.97,6.0195],[-72.9704,6.0221],[-72.9622,6.0283],[-72.9613,6.0341],[-72.9589,6.0388],[-72.9601,6.0434],[-72.955,6.0458],[-72.9532,6.0494],[-72.9549,6.0549],[-72.9524,6.0606],[-72.9539,6.0651],[-72.9519,6.0685],[-72.9474,6.0708],[-72.9445,6.0765],[-72.9351,6.0769],[-72.9357,6.0787],[-72.9314,6.0854],[-72.9249,6.0859],[-72.9228,6.0879],[-72.9234,6.0983],[-72.9206,6.0965],[-72.9169,6.0861],[-72.9176,6.0802],[-72.9158,6.0758],[-72.9122,6.0739],[-72.9073,6.0686],[-72.9059,6.0651],[-72.8963,6.0568],[-72.8946,6.0521],[-72.8866,6.0475],[-72.8853,6.0443],[-72.8799,6.0439],[-72.8709,6.0393],[-72.869,6.0311],[-72.8705,6.0232],[-72.8654,6.0166],[-72.8607,6.0123],[-72.8551,6.0118],[-72.8471,6.0072],[-72.8409,6.0108],[-72.8384,6.0149],[-72.8333,6.0108],[-72.8286,6.0131],[-72.8241,6.0103],[-72.8243,6.0124],[-72.8162,6.0169],[-72.8124,6.0232],[-72.8084,6.0223]]]}},{"type":"Feature","id":"15367","properties":{"codigo_municipio":"15367","nombre_dane":"Jenesano","lon_etiqueta":-73.3918,"lat_etiqueta":5.3733},"geometry":{"type":"Polygon","coordinates":[[[-73.3468,5.3174],[-73.3483,5.3205],[-73.3537,5.3261],[-73.3569,5.3328],[-73.3694,5.3378],[-73.3734,5.3384],[-73.3778,5.3414],[-73.3743,5.3461],[-73.3773,5.348],[-73.3816,5.3566],[-73.3898,5.3597],[-73.3936,5.3568],[-73.4016,5.3588],[-73.4051,5.3626],[-73.4076,5.3713],[-73.4116,5.3725],[-73.4185,5.3715],[-73.4151,5.3796],[-73.418,5.3846],[-73.4218,5.4041],[-73.4263,5.4084],[-73.4229,5.4124],[-73.4195,5.4132],[-73.4159,5.4172],[-73.4099,5.417],[-73.3983,5.4208],[-73.3929,5.4217],[-73.3885,5.4191],[-73.3847,5.4046],[-73.3674,5.4149],[-73.3646,5.4195],[-73.355,5.427],[-73.352,5.4321],[-73.3487,5.4244],[-73.3475,5.4144],[-73.3512,5.4078],[-73.3546,5.3991],[-73.36,5.3904],[-73.3639,5.3793],[-73.3651,5.3734],[-73.3632,5.371],[-73.366,5.3625],[-73.3639,5.3635],[-73.3548,5.359],[-73.3496,5.3583],[-73.3455,5.3553],[-73.3398,5.3538],[-73.3331,5.3485],[-73.3364,5.3438],[-73.338,5.3373],[-73.333,5.3359],[-73.3245,5.3253],[-73.335,5.3181],[-73.3364,5.3145],[-73.3468,5.3174]]]}},{"type":"Feature","id":"15814","properties":{"codigo_municipio":"15814","nombre_dane":"Toca","lon_etiqueta":-73.1675,"lat_etiqueta":5.5788},"geometry":{"type":"Polygon","coordinates":[[[-73.2294,5.5558],[-73.231,5.5637],[-73.2432,5.5671],[-73.2486,5.5697],[-73.2449,5.5721],[-73.2423,5.576],[-73.2383,5.5852],[-73.2347,5.5916],[-73.2335,5.5959],[-73.2296,5.6016],[-73.2251,5.6052],[-73.219,5.6131],[-73.2144,5.6221],[-73.2131,5.6264],[-73.2118,5.6303],[-73.2026,5.6358],[-73.1913,5.6446],[-73.1893,5.6518],[-73.1859,5.6501],[-73.1831,5.6425],[-73.1655,5.6241],[-73.161,5.6272],[-73.1541,5.6276],[-73.1548,5.6263],[-73.1479,5.6256],[-73.1426,5.63],[-73.1355,5.6295],[-73.13,5.6337],[-73.1239,5.6292],[-73.1165,5.6256],[-73.1113,5.625],[-73.1068,5.6281],[-73.1006,5.6236],[-73.0947,5.6212],[-73.0794,5.6181],[-73.084,5.6077],[-73.0893,5.5881],[-73.0887,5.5865],[-73.0954,5.5766],[-73.104,5.5593],[-73.1055,5.5485],[-73.1089,5.545],[-73.1154,5.5318],[-73.1156,5.5254],[-73.122,5.5187],[-73.129,5.515],[-73.1308,5.5097],[-73.135,5.5056],[-73.1391,5.5093],[-73.1482,5.5139],[-73.1685,5.5231],[-73.1772,5.5259],[-73.1881,5.5343],[-73.195,5.537],[-73.1976,5.5428],[-73.2046,5.5423],[-73.21,5.5495],[-73.2151,5.5453],[-73.2218,5.5523],[-73.228,5.5539],[-73.2294,5.5558]]]}},{"type":"Feature","id":"15542","properties":{"codigo_municipio":"15542","nombre_dane":"Pesca","lon_etiqueta":-73.0959,"lat_etiqueta":5.4969},"geometry":{"type":"Polygon","coordinates":[[[-73.0703,5.6388],[-73.0633,5.6456],[-73.0622,5.6407],[-73.0595,5.639],[-73.0557,5.6318],[-73.0499,5.6306],[-73.0416,5.6318],[-73.0338,5.6291],[-73.0314,5.627],[-73.0276,5.6277],[-73.0176,5.6388],[-73.0093,5.6434],[-73.0049,5.6416],[-73.0044,5.634],[-73.0059,5.6314],[-72.9984,5.6296],[-72.9951,5.6285],[-72.9981,5.6196],[-73.0038,5.6124],[-73.0039,5.6059],[-73.0015,5.5994],[-73.0036,5.5928],[-73.0084,5.5928],[-73.0127,5.5901],[-73.0125,5.5805],[-73.0093,5.577],[-73.0161,5.5711],[-73.0258,5.5592],[-73.0313,5.5506],[-73.0351,5.5413],[-73.0391,5.5352],[-73.0442,5.5233],[-73.0435,5.5137],[-73.047,5.5078],[-73.0515,5.4957],[-73.0568,5.4889],[-73.0585,5.4846],[-73.0593,5.4762],[-73.0637,5.4712],[-73.0606,5.4665],[-73.0631,5.461],[-73.0659,5.4589],[-73.0656,5.4543],[-73.0685,5.4505],[-73.0679,5.4444],[-73.0719,5.4363],[-73.0661,5.4346],[-73.065,5.4262],[-73.0614,5.4232],[-73.0562,5.4282],[-73.0482,5.4293],[-73.0451,5.4316],[-73.0399,5.4322],[-73.0392,5.428],[-73.0472,5.4175],[-73.0481,5.4135],[-73.051,5.4143],[-73.055,5.4047],[-73.0542,5.3945],[-73.0449,5.3844],[-73.0471,5.3794],[-73.0511,5.3784],[-73.0498,5.3733],[-73.0534,5.3743],[-73.0541,5.3701],[-73.0617,5.3665],[-73.0664,5.3693],[-73.0745,5.3691],[-73.0872,5.3624],[-73.0903,5.3615],[-73.0953,5.3566],[-73.1026,5.3514],[-73.1112,5.3481],[-73.1189,5.3504],[-73.1251,5.3548],[-73.1263,5.3573],[-73.1321,5.3684],[-73.1293,5.3714],[-73.1279,5.3767],[-73.1215,5.3853],[-73.1268,5.3898],[-73.1306,5.401],[-73.1415,5.4121],[-73.1394,5.4167],[-73.1376,5.4246],[-73.1325,5.4308],[-73.1273,5.447],[-73.1248,5.45],[-73.1241,5.4563],[-73.1291,5.4586],[-73.1309,5.4647],[-73.1368,5.4703],[-73.14,5.4751],[-73.1461,5.478],[-73.1473,5.4821],[-73.1449,5.4798],[-73.1409,5.4841],[-73.1419,5.4926],[-73.1405,5.4995],[-73.135,5.5056],[-73.1308,5.5097],[-73.129,5.515],[-73.122,5.5187],[-73.1156,5.5254],[-73.1154,5.5318],[-73.1089,5.545],[-73.1055,5.5485],[-73.104,5.5593],[-73.0954,5.5766],[-73.0887,5.5865],[-73.0893,5.5881],[-73.084,5.6077],[-73.0794,5.6181],[-73.0762,5.6201],[-73.0785,5.6251],[-73.0761,5.6285],[-73.0703,5.6388]]]}},{"type":"Feature","id":"15842","properties":{"codigo_municipio":"15842","nombre_dane":"Umbita","lon_etiqueta":-73.458,"lat_etiqueta":5.2259},"geometry":{"type":"Polygon","coordinates":[[[-73.4415,5.1576],[-73.4472,5.1582],[-73.4621,5.1522],[-73.4659,5.1533],[-73.4772,5.1481],[-73.4817,5.154],[-73.493,5.1541],[-73.505,5.1519],[-73.5122,5.163],[-73.5099,5.1717],[-73.512,5.1779],[-73.5083,5.1852],[-73.5103,5.188],[-73.5183,5.1916],[-73.5219,5.1922],[-73.5235,5.2004],[-73.5219,5.2106],[-73.5245,5.214],[-73.5235,5.2205],[-73.519,5.225],[-73.5148,5.2327],[-73.5152,5.2374],[-73.5105,5.2432],[-73.5075,5.2447],[-73.5062,5.25],[-73.5006,5.2523],[-73.4971,5.2556],[-73.4915,5.2634],[-73.4845,5.275],[-73.4842,5.2801],[-73.4805,5.2839],[-73.478,5.2894],[-73.4715,5.2941],[-73.468,5.295],[-73.4649,5.2911],[-73.4585,5.2952],[-73.4519,5.3036],[-73.4421,5.299],[-73.4338,5.3009],[-73.4295,5.3002],[-73.4343,5.2971],[-73.4321,5.2959],[-73.4434,5.2844],[-73.4479,5.2787],[-73.4487,5.275],[-73.4459,5.27],[-73.4467,5.2604],[-73.4506,5.2534],[-73.4494,5.2467],[-73.4427,5.244],[-73.4331,5.2507],[-73.4245,5.2533],[-73.4162,5.2547],[-73.4062,5.2546],[-73.4045,5.2496],[-73.4014,5.2469],[-73.4013,5.2427],[-73.4041,5.2311],[-73.4009,5.2272],[-73.398,5.2263],[-73.3925,5.2191],[-73.3924,5.2168],[-73.401,5.2096],[-73.4068,5.1984],[-73.412,5.1964],[-73.4165,5.189],[-73.4256,5.1817],[-73.4281,5.1744],[-73.4353,5.1652],[-73.4369,5.1594],[-73.4415,5.1576]]]}},{"type":"Feature","id":"15763","properties":{"codigo_municipio":"15763","nombre_dane":"Sotaquirá","lon_etiqueta":-73.2586,"lat_etiqueta":5.7847},"geometry":{"type":"Polygon","coordinates":[[[-73.2683,5.7042],[-73.2722,5.709],[-73.2753,5.7061],[-73.2779,5.7068],[-73.2814,5.703],[-73.2868,5.7002],[-73.2899,5.7002],[-73.2942,5.6966],[-73.2937,5.7028],[-73.301,5.7092],[-73.3004,5.7132],[-73.3093,5.7178],[-73.3117,5.725],[-73.3164,5.7283],[-73.3174,5.7322],[-73.325,5.7414],[-73.3299,5.7544],[-73.3337,5.7572],[-73.3362,5.7626],[-73.3345,5.7674],[-73.3434,5.7682],[-73.3435,5.7743],[-73.3481,5.7885],[-73.3503,5.7901],[-73.3487,5.7936],[-73.3524,5.7953],[-73.3551,5.7989],[-73.357,5.8062],[-73.3566,5.8171],[-73.3511,5.8231],[-73.3534,5.8314],[-73.3486,5.8343],[-73.3488,5.8416],[-73.3457,5.8422],[-73.3505,5.8517],[-73.3497,5.8635],[-73.3515,5.8726],[-73.3483,5.8712],[-73.3426,5.8617],[-73.3363,5.8599],[-73.3274,5.8512],[-73.3188,5.8518],[-73.3163,5.855],[-73.3125,5.8562],[-73.3107,5.8542],[-73.3048,5.8526],[-73.3025,5.8537],[-73.2947,5.8507],[-73.2901,5.8504],[-73.2838,5.854],[-73.2836,5.8597],[-73.2749,5.8543],[-73.2689,5.8525],[-73.2643,5.8463],[-73.2658,5.8394],[-73.2653,5.8349],[-73.2588,5.8313],[-73.2566,5.825],[-73.2517,5.8185],[-73.2464,5.816],[-73.2407,5.8172],[-73.2336,5.8208],[-73.229,5.8249],[-73.2167,5.8241],[-73.211,5.8264],[-73.2064,5.8261],[-73.202,5.8292],[-73.201,5.833],[-73.1951,5.8351],[-73.1903,5.8436],[-73.1864,5.8462],[-73.184,5.8504],[-73.1736,5.8516],[-73.165,5.848],[-73.1591,5.8522],[-73.1543,5.8509],[-73.1497,5.8532],[-73.1429,5.8518],[-73.13,5.8548],[-73.1339,5.8466],[-73.1342,5.8406],[-73.1324,5.8344],[-73.1374,5.8211],[-73.1454,5.8108],[-73.1574,5.801],[-73.166,5.7906],[-73.1702,5.7896],[-73.1694,5.7832],[-73.1705,5.7779],[-73.1738,5.772],[-73.1712,5.7695],[-73.1751,5.7661],[-73.1742,5.7595],[-73.1715,5.7568],[-73.1669,5.7485],[-73.1685,5.7449],[-73.1546,5.7362],[-73.1571,5.7306],[-73.1558,5.7274],[-73.165,5.7265],[-73.1756,5.724],[-73.1807,5.725],[-73.1778,5.721],[-73.1806,5.7163],[-73.1887,5.723],[-73.1925,5.7246],[-73.1913,5.7287],[-73.1979,5.732],[-73.2016,5.7377],[-73.219,5.7296],[-73.2217,5.7248],[-73.2212,5.7203],[-73.2249,5.7221],[-73.2311,5.7141],[-73.2434,5.7087],[-73.2458,5.7066],[-73.2486,5.708],[-73.2518,5.7047],[-73.2641,5.7038],[-73.2683,5.7042]]]}},{"type":"Feature","id":"15757","properties":{"codigo_municipio":"15757","nombre_dane":"Socha","lon_etiqueta":-72.6884,"lat_etiqueta":5.9646},"geometry":{"type":"Polygon","coordinates":[[[-72.7375,5.9918],[-72.7268,5.9933],[-72.7239,5.9962],[-72.7178,5.9969],[-72.7132,6.0021],[-72.7045,6.0087],[-72.7016,6.0183],[-72.6978,6.0252],[-72.689,6.0325],[-72.6879,6.0368],[-72.6832,6.0377],[-72.6802,6.0416],[-72.6805,6.0443],[-72.6771,6.0499],[-72.6719,6.0508],[-72.6666,6.0555],[-72.6606,6.056],[-72.657,6.0631],[-72.6505,6.0599],[-72.6466,6.0537],[-72.644,6.0405],[-72.6413,6.035],[-72.6456,6.0324],[-72.6444,6.0296],[-72.647,6.0235],[-72.6522,6.0184],[-72.6553,6.0074],[-72.6573,6.0038],[-72.657,5.9976],[-72.6537,5.9918],[-72.6477,5.9949],[-72.6467,5.9902],[-72.6448,5.991],[-72.6333,5.981],[-72.6326,5.9736],[-72.634,5.9693],[-72.6396,5.9638],[-72.6405,5.9482],[-72.6431,5.9383],[-72.6439,5.9283],[-72.6509,5.9191],[-72.6525,5.9139],[-72.6507,5.9069],[-72.653,5.9032],[-72.6569,5.8924],[-72.6528,5.8902],[-72.6532,5.8828],[-72.6553,5.8819],[-72.6744,5.8678],[-72.6832,5.866],[-72.6951,5.871],[-72.6976,5.8759],[-72.7013,5.8796],[-72.704,5.8882],[-72.7102,5.891],[-72.7111,5.9051],[-72.7169,5.9129],[-72.7189,5.9201],[-72.7226,5.923],[-72.7265,5.93],[-72.7217,5.935],[-72.7172,5.9353],[-72.7134,5.9381],[-72.7126,5.9417],[-72.7144,5.9446],[-72.7215,5.9488],[-72.7287,5.9466],[-72.7334,5.9511],[-72.7336,5.9555],[-72.7365,5.9584],[-72.7363,5.9628],[-72.7386,5.9668],[-72.7418,5.9765],[-72.7404,5.9809],[-72.7431,5.9879],[-72.7375,5.9918]]]}},{"type":"Feature","id":"15686","properties":{"codigo_municipio":"15686","nombre_dane":"Santana","lon_etiqueta":-73.4894,"lat_etiqueta":6.0548},"geometry":{"type":"Polygon","coordinates":[[[-73.4498,6.0741],[-73.4472,6.0648],[-73.4508,6.0464],[-73.4568,6.0382],[-73.4637,6.0333],[-73.467,6.0267],[-73.4715,6.0233],[-73.4785,6.0103],[-73.486,6.0017],[-73.4904,6.0017],[-73.4949,6.0052],[-73.4949,6.0093],[-73.4992,6.0135],[-73.5019,6.0194],[-73.5057,6.0221],[-73.508,6.026],[-73.5144,6.0262],[-73.5162,6.0288],[-73.5204,6.0289],[-73.5208,6.0331],[-73.5294,6.0418],[-73.5319,6.0492],[-73.5293,6.0561],[-73.5246,6.0591],[-73.5256,6.0658],[-73.5276,6.0671],[-73.5266,6.0769],[-73.5226,6.0774],[-73.5178,6.0853],[-73.5139,6.0873],[-73.5131,6.0953],[-73.5149,6.0994],[-73.5073,6.1022],[-73.5045,6.1057],[-73.4974,6.108],[-73.493,6.1059],[-73.4898,6.1017],[-73.4783,6.0972],[-73.4754,6.0942],[-73.4715,6.0951],[-73.465,6.0894],[-73.4582,6.0846],[-73.454,6.0791],[-73.4498,6.0741]]]}},{"type":"Feature","id":"15776","properties":{"codigo_municipio":"15776","nombre_dane":"Sutamarchàn","lon_etiqueta":-73.6349,"lat_etiqueta":5.6361},"geometry":{"type":"Polygon","coordinates":[[[-73.5772,5.6701],[-73.5846,5.661],[-73.59,5.6476],[-73.5888,5.6456],[-73.5906,5.639],[-73.5875,5.6307],[-73.5827,5.6309],[-73.582,5.6279],[-73.5798,5.6217],[-73.5798,5.6159],[-73.578,5.6117],[-73.579,5.6053],[-73.5768,5.6026],[-73.5788,5.5988],[-73.5803,5.5899],[-73.5875,5.5874],[-73.5964,5.5867],[-73.6002,5.5817],[-73.6028,5.5819],[-73.6034,5.5786],[-73.6125,5.5728],[-73.6246,5.5698],[-73.6264,5.5712],[-73.6266,5.5779],[-73.6292,5.5846],[-73.6265,5.5914],[-73.6252,5.6031],[-73.6289,5.6044],[-73.6314,5.6087],[-73.6326,5.6143],[-73.6371,5.6162],[-73.6416,5.6157],[-73.6436,5.6175],[-73.6451,5.614],[-73.6544,5.6094],[-73.6648,5.6117],[-73.6665,5.6096],[-73.6703,5.6113],[-73.6739,5.6162],[-73.6714,5.6179],[-73.6741,5.6237],[-73.6772,5.6275],[-73.6808,5.6366],[-73.6776,5.6435],[-73.6773,5.6504],[-73.6703,5.6664],[-73.6703,5.6726],[-73.6679,5.6792],[-73.6565,5.692],[-73.6532,5.7025],[-73.6436,5.6983],[-73.6376,5.6989],[-73.6324,5.6934],[-73.6263,5.6951],[-73.6222,5.6943],[-73.6209,5.6883],[-73.6144,5.6849],[-73.613,5.6856],[-73.6031,5.6809],[-73.5938,5.6806],[-73.588,5.6767],[-73.5806,5.6769],[-73.5778,5.6752],[-73.5772,5.6701]]]}},{"type":"Feature","id":"15272","properties":{"codigo_municipio":"15272","nombre_dane":"Firavitoba","lon_etiqueta":-73.0211,"lat_etiqueta":5.6757},"geometry":{"type":"Polygon","coordinates":[[[-72.947,5.714],[-72.9554,5.6985],[-72.9644,5.6795],[-72.9658,5.6725],[-72.971,5.6648],[-72.9676,5.6586],[-72.9672,5.6534],[-72.9635,5.6491],[-72.9671,5.6441],[-72.9696,5.6464],[-72.975,5.644],[-72.9779,5.6403],[-72.9823,5.6399],[-72.9892,5.6439],[-72.9914,5.6421],[-72.9902,5.6379],[-72.9935,5.634],[-72.9972,5.637],[-72.9984,5.6296],[-73.0059,5.6314],[-73.0044,5.634],[-73.0049,5.6416],[-73.0093,5.6434],[-73.0176,5.6388],[-73.0276,5.6277],[-73.0314,5.627],[-73.0338,5.6291],[-73.0416,5.6318],[-73.0499,5.6306],[-73.0557,5.6318],[-73.0595,5.639],[-73.0622,5.6407],[-73.0633,5.6456],[-73.0703,5.6388],[-73.0761,5.6285],[-73.0797,5.6298],[-73.0846,5.6407],[-73.0926,5.6472],[-73.0958,5.6476],[-73.1034,5.6546],[-73.1025,5.6591],[-73.0931,5.6663],[-73.086,5.6697],[-73.0817,5.6731],[-73.0784,5.6731],[-73.0772,5.6766],[-73.0689,5.6825],[-73.0594,5.687],[-73.0547,5.6891],[-73.0443,5.6957],[-73.039,5.7012],[-73.0374,5.7069],[-73.0386,5.7084],[-73.0355,5.7137],[-73.0324,5.7151],[-73.0299,5.7206],[-73.0242,5.7245],[-73.0201,5.7218],[-73.0091,5.7196],[-73.0001,5.7213],[-72.9984,5.7228],[-72.9941,5.7205],[-72.9868,5.7211],[-72.9812,5.7192],[-72.9726,5.7206],[-72.9703,5.7158],[-72.9649,5.7087],[-72.961,5.7112],[-72.9529,5.7143],[-72.9474,5.7144],[-72.947,5.714]]]}},{"type":"Feature","id":"15183","properties":{"codigo_municipio":"15183","nombre_dane":"Chita","lon_etiqueta":-72.4503,"lat_etiqueta":6.0977},"geometry":{"type":"Polygon","coordinates":[[[-72.3918,6.264],[-72.3872,6.2613],[-72.3934,6.2467],[-72.3937,6.2438],[-72.3979,6.2373],[-72.3987,6.2187],[-72.4025,6.2076],[-72.4064,6.2034],[-72.4065,6.2007],[-72.4123,6.1915],[-72.4169,6.19],[-72.4188,6.1862],[-72.4172,6.1841],[-72.4126,6.1878],[-72.408,6.188],[-72.4056,6.1899],[-72.4002,6.1885],[-72.3925,6.1883],[-72.3933,6.1829],[-72.3922,6.1764],[-72.3931,6.1616],[-72.3867,6.1618],[-72.3819,6.1556],[-72.3745,6.1501],[-72.3742,6.1421],[-72.3777,6.1382],[-72.3771,6.1339],[-72.3847,6.1327],[-72.3884,6.1279],[-72.3892,6.1237],[-72.3838,6.1135],[-72.3757,6.1099],[-72.3641,6.0993],[-72.3695,6.0986],[-72.3754,6.0925],[-72.3711,6.0828],[-72.3666,6.0768],[-72.3621,6.0752],[-72.3275,6.0856],[-72.3212,6.0882],[-72.3214,6.081],[-72.3183,6.0784],[-72.3205,6.0742],[-72.3215,6.0678],[-72.3259,6.0636],[-72.3302,6.062],[-72.3456,6.0499],[-72.3466,6.0479],[-72.3559,6.0428],[-72.3617,6.044],[-72.3655,6.0367],[-72.3647,6.03],[-72.3618,6.0256],[-72.3564,6.0234],[-72.3501,6.0142],[-72.3467,6.0048],[-72.3409,6.0003],[-72.3397,5.9974],[-72.3416,5.9896],[-72.3396,5.9869],[-72.3394,5.9805],[-72.3412,5.9803],[-72.3428,5.9714],[-72.3423,5.9649],[-72.3384,5.9599],[-72.3407,5.9541],[-72.3358,5.9439],[-72.3317,5.943],[-72.3297,5.939],[-72.3251,5.935],[-72.3272,5.9193],[-72.3287,5.9177],[-72.3284,5.911],[-72.3265,5.9084],[-72.3277,5.9017],[-72.3328,5.8921],[-72.3363,5.8896],[-72.3398,5.8914],[-72.3589,5.8943],[-72.3686,5.8973],[-72.3748,5.895],[-72.3836,5.9003],[-72.392,5.9022],[-72.4005,5.9005],[-72.4067,5.9002],[-72.4155,5.904],[-72.4176,5.9106],[-72.4204,5.9124],[-72.4236,5.9225],[-72.4262,5.9241],[-72.4266,5.9275],[-72.4306,5.9299],[-72.4361,5.9381],[-72.4409,5.9386],[-72.442,5.9415],[-72.4477,5.9447],[-72.449,5.9522],[-72.4484,5.9561],[-72.4505,5.9581],[-72.4618,5.9617],[-72.4668,5.9619],[-72.4729,5.9654],[-72.4735,5.9676],[-72.4831,5.9742],[-72.489,5.9837],[-72.4965,5.9908],[-72.4984,5.996],[-72.507,5.996],[-72.5068,5.9997],[-72.5104,6.0051],[-72.5208,6.0083],[-72.5275,6.0095],[-72.5382,6.0302],[-72.539,6.0327],[-72.5356,6.0397],[-72.5352,6.0443],[-72.5305,6.0517],[-72.5348,6.057],[-72.5394,6.0599],[-72.5423,6.0698],[-72.5403,6.0714],[-72.5387,6.077],[-72.5355,6.0786],[-72.5305,6.0899],[-72.53,6.1015],[-72.5289,6.1034],[-72.5309,6.1114],[-72.528,6.1225],[-72.5204,6.1245],[-72.5168,6.1265],[-72.5144,6.1302],[-72.5166,6.1395],[-72.5161,6.1484],[-72.5225,6.1519],[-72.5239,6.156],[-72.5301,6.1654],[-72.5374,6.166],[-72.5486,6.1725],[-72.5525,6.177],[-72.5452,6.1922],[-72.5411,6.1995],[-72.5347,6.2055],[-72.5317,6.2099],[-72.5286,6.2201],[-72.5249,6.2279],[-72.5195,6.2307],[-72.5199,6.2356],[-72.5166,6.2372],[-72.5164,6.2409],[-72.5114,6.2474],[-72.4982,6.2543],[-72.4991,6.2615],[-72.4966,6.2651],[-72.498,6.2726],[-72.4954,6.2809],[-72.4961,6.2872],[-72.4958,6.2908],[-72.4882,6.2956],[-72.4876,6.2986],[-72.4835,6.3026],[-72.4728,6.3059],[-72.4644,6.304],[-72.4524,6.304],[-72.4536,6.2996],[-72.4493,6.295],[-72.4441,6.2864],[-72.4397,6.2827],[-72.4357,6.2861],[-72.4328,6.2849],[-72.4254,6.2789],[-72.4204,6.2787],[-72.4128,6.2745],[-72.4043,6.2731],[-72.3994,6.2705],[-72.3965,6.2723],[-72.3918,6.264]]]}},{"type":"Feature","id":"15835","properties":{"codigo_municipio":"15835","nombre_dane":"Turmequé","lon_etiqueta":-73.5118,"lat_etiqueta":5.3014},"geometry":{"type":"Polygon","coordinates":[[[-73.4792,5.3607],[-73.4817,5.355],[-73.4802,5.3517],[-73.4727,5.3471],[-73.4683,5.3318],[-73.4721,5.3261],[-73.4707,5.3197],[-73.4686,5.3174],[-73.4743,5.3105],[-73.4764,5.302],[-73.4807,5.2942],[-73.478,5.2894],[-73.4805,5.2839],[-73.4842,5.2801],[-73.4845,5.275],[-73.4915,5.2634],[-73.4971,5.2556],[-73.5006,5.2523],[-73.5062,5.25],[-73.5075,5.2447],[-73.5105,5.2432],[-73.5152,5.2374],[-73.5148,5.2327],[-73.524,5.2373],[-73.5278,5.2445],[-73.5269,5.2588],[-73.5313,5.265],[-73.5338,5.272],[-73.5319,5.278],[-73.5368,5.2854],[-73.5432,5.2887],[-73.5467,5.2935],[-73.548,5.2996],[-73.5461,5.3008],[-73.5529,5.3102],[-73.553,5.3137],[-73.5488,5.3244],[-73.5519,5.3272],[-73.5494,5.3326],[-73.5398,5.3411],[-73.5287,5.3429],[-73.5262,5.3415],[-73.5222,5.3457],[-73.5129,5.3396],[-73.5101,5.3456],[-73.5045,5.3528],[-73.4947,5.3598],[-73.4927,5.3634],[-73.4851,5.3688],[-73.4776,5.3701],[-73.4792,5.3607]]]}},{"type":"Feature","id":"15740","properties":{"codigo_municipio":"15740","nombre_dane":"Siachoque","lon_etiqueta":-73.2141,"lat_etiqueta":5.4971},"geometry":{"type":"Polygon","coordinates":[[[-73.2771,5.524],[-73.272,5.532],[-73.2682,5.5304],[-73.2641,5.5323],[-73.2596,5.5389],[-73.2532,5.5397],[-73.2506,5.5354],[-73.245,5.5323],[-73.2378,5.5339],[-73.2376,5.537],[-73.2314,5.5418],[-73.2326,5.5433],[-73.23,5.5515],[-73.228,5.5539],[-73.2218,5.5523],[-73.2151,5.5453],[-73.21,5.5495],[-73.2046,5.5423],[-73.1976,5.5428],[-73.195,5.537],[-73.1881,5.5343],[-73.1772,5.5259],[-73.1685,5.5231],[-73.1482,5.5139],[-73.1391,5.5093],[-73.135,5.5056],[-73.1405,5.4995],[-73.1419,5.4926],[-73.1409,5.4841],[-73.1449,5.4798],[-73.1473,5.4821],[-73.1545,5.4792],[-73.1639,5.4794],[-73.1747,5.4675],[-73.1803,5.4655],[-73.1863,5.4656],[-73.1939,5.4588],[-73.1985,5.4567],[-73.2041,5.4568],[-73.2083,5.4533],[-73.2118,5.4473],[-73.2157,5.4448],[-73.2157,5.4402],[-73.2184,5.4446],[-73.2335,5.4561],[-73.2448,5.4574],[-73.247,5.4553],[-73.2483,5.4582],[-73.2621,5.4617],[-73.2619,5.4662],[-73.2666,5.4711],[-73.267,5.4746],[-73.2759,5.4745],[-73.2759,5.4838],[-73.2831,5.4878],[-73.2859,5.4854],[-73.2875,5.4887],[-73.2875,5.4971],[-73.2785,5.5062],[-73.2806,5.5145],[-73.2846,5.5174],[-73.2848,5.5242],[-73.2771,5.524]]]}},{"type":"Feature","id":"15755","properties":{"codigo_municipio":"15755","nombre_dane":"Socotá","lon_etiqueta":-72.5427,"lat_etiqueta":5.9418},"geometry":{"type":"Polygon","coordinates":[[[-72.5394,6.0599],[-72.5348,6.057],[-72.5305,6.0517],[-72.5352,6.0443],[-72.5356,6.0397],[-72.539,6.0327],[-72.5382,6.0302],[-72.5275,6.0095],[-72.5208,6.0083],[-72.5104,6.0051],[-72.5068,5.9997],[-72.507,5.996],[-72.4984,5.996],[-72.4965,5.9908],[-72.489,5.9837],[-72.4831,5.9742],[-72.4735,5.9676],[-72.4729,5.9654],[-72.4668,5.9619],[-72.4618,5.9617],[-72.4505,5.9581],[-72.4484,5.9561],[-72.449,5.9522],[-72.4477,5.9447],[-72.442,5.9415],[-72.4409,5.9386],[-72.4361,5.9381],[-72.4306,5.9299],[-72.4266,5.9275],[-72.4262,5.9241],[-72.4236,5.9225],[-72.4204,5.9124],[-72.4176,5.9106],[-72.4155,5.904],[-72.4186,5.8997],[-72.4269,5.896],[-72.4431,5.8822],[-72.4461,5.8827],[-72.4509,5.8784],[-72.4527,5.871],[-72.4568,5.8668],[-72.4613,5.8596],[-72.463,5.848],[-72.4618,5.847],[-72.4724,5.8436],[-72.4774,5.8399],[-72.4797,5.8331],[-72.4841,5.8298],[-72.4867,5.818],[-72.4918,5.8146],[-72.5019,5.8045],[-72.5055,5.8019],[-72.5055,5.798],[-72.5137,5.7935],[-72.5122,5.7917],[-72.5191,5.7912],[-72.526,5.7886],[-72.5352,5.7868],[-72.5413,5.7848],[-72.544,5.788],[-72.5493,5.7882],[-72.5571,5.7822],[-72.5608,5.7804],[-72.5662,5.7758],[-72.5692,5.7766],[-72.5755,5.7755],[-72.5836,5.7711],[-72.588,5.7735],[-72.5921,5.7733],[-72.6047,5.7758],[-72.6094,5.772],[-72.6182,5.7716],[-72.6212,5.7737],[-72.6245,5.7671],[-72.6295,5.7645],[-72.626,5.7769],[-72.6248,5.7829],[-72.6252,5.8014],[-72.6248,5.8102],[-72.6236,5.8168],[-72.6264,5.8202],[-72.6296,5.8275],[-72.6317,5.8291],[-72.6271,5.8491],[-72.6301,5.8596],[-72.6286,5.8625],[-72.6228,5.8881],[-72.6239,5.8892],[-72.6163,5.9046],[-72.6198,5.9124],[-72.6222,5.9144],[-72.6266,5.9103],[-72.6425,5.9066],[-72.6507,5.9069],[-72.6525,5.9139],[-72.6509,5.9191],[-72.6439,5.9283],[-72.6431,5.9383],[-72.6405,5.9482],[-72.6396,5.9638],[-72.634,5.9693],[-72.6326,5.9736],[-72.6333,5.981],[-72.6448,5.991],[-72.6467,5.9902],[-72.6477,5.9949],[-72.6537,5.9918],[-72.657,5.9976],[-72.6573,6.0038],[-72.6553,6.0074],[-72.6522,6.0184],[-72.647,6.0235],[-72.6444,6.0296],[-72.6456,6.0324],[-72.6413,6.035],[-72.644,6.0405],[-72.6466,6.0537],[-72.6505,6.0599],[-72.657,6.0631],[-72.6546,6.0693],[-72.6533,6.0763],[-72.6544,6.0826],[-72.6535,6.0966],[-72.6553,6.1037],[-72.6551,6.1125],[-72.6562,6.1165],[-72.639,6.112],[-72.6371,6.1078],[-72.6275,6.1105],[-72.6211,6.1042],[-72.6178,6.1025],[-72.613,6.1034],[-72.6069,6.1028],[-72.6016,6.1096],[-72.5971,6.1111],[-72.591,6.1081],[-72.5888,6.1116],[-72.5817,6.1145],[-72.5803,6.1169],[-72.5725,6.1192],[-72.5657,6.1189],[-72.5634,6.1162],[-72.5622,6.1114],[-72.5637,6.1041],[-72.5601,6.0951],[-72.5607,6.0885],[-72.5566,6.0829],[-72.5517,6.0846],[-72.546,6.078],[-72.5423,6.0698],[-72.5394,6.0599]]]}},{"type":"Feature","id":"15531","properties":{"codigo_municipio":"15531","nombre_dane":"Pauna","lon_etiqueta":-73.9928,"lat_etiqueta":5.6928},"geometry":{"type":"Polygon","coordinates":[[[-73.9324,5.5702],[-73.9352,5.5701],[-73.9402,5.5667],[-73.9489,5.5659],[-73.9518,5.5719],[-73.9496,5.5732],[-73.95,5.5797],[-73.9468,5.5832],[-73.9569,5.5893],[-73.9558,5.5923],[-73.9686,5.5977],[-73.9766,5.5951],[-73.9797,5.5956],[-73.9847,5.6032],[-73.9893,5.6064],[-73.9954,5.6081],[-73.9984,5.6116],[-74.002,5.609],[-74.0065,5.6018],[-74.0108,5.6028],[-74.0154,5.6008],[-74.0169,5.6038],[-74.0216,5.6017],[-74.0263,5.6015],[-74.0286,5.6045],[-74.0288,5.6141],[-74.027,5.6218],[-74.0287,5.6255],[-74.0274,5.6322],[-74.0301,5.6372],[-74.0322,5.6364],[-74.0359,5.6419],[-74.0396,5.6358],[-74.0452,5.6332],[-74.0496,5.6359],[-74.0503,5.6396],[-74.0545,5.642],[-74.0526,5.6448],[-74.0558,5.6495],[-74.0607,5.6492],[-74.0564,5.6616],[-74.0485,5.6708],[-74.0465,5.6796],[-74.0508,5.6827],[-74.045,5.6891],[-74.0399,5.6903],[-74.0389,5.6936],[-74.0407,5.6996],[-74.0385,5.7052],[-74.0419,5.7142],[-74.049,5.7181],[-74.0517,5.7227],[-74.0593,5.724],[-74.0616,5.7264],[-74.0679,5.7285],[-74.0775,5.7341],[-74.0795,5.7368],[-74.085,5.7398],[-74.0884,5.7494],[-74.0922,5.7529],[-74.0926,5.7597],[-74.0907,5.7674],[-74.0926,5.7708],[-74.0891,5.7787],[-74.0911,5.7819],[-74.0905,5.7893],[-74.0874,5.7957],[-74.0876,5.7994],[-74.0846,5.803],[-74.0836,5.807],[-74.0789,5.8145],[-74.0793,5.8185],[-74.0724,5.8192],[-74.0679,5.8182],[-74.0653,5.8149],[-74.0623,5.8198],[-74.0596,5.8204],[-74.0491,5.8173],[-74.0386,5.8122],[-74.0339,5.8116],[-74.0257,5.8063],[-74.0281,5.8039],[-74.0234,5.7949],[-74.0247,5.789],[-74.0231,5.7876],[-74.0253,5.7843],[-74.0239,5.78],[-74.0202,5.7822],[-74.0164,5.7761],[-74.0109,5.7744],[-74.014,5.765],[-74.0115,5.7625],[-74.0078,5.7628],[-74.0016,5.7548],[-74.0011,5.7507],[-73.9988,5.749],[-73.9978,5.7412],[-73.9944,5.736],[-73.9915,5.7339],[-73.9915,5.7291],[-73.9871,5.7272],[-73.9868,5.7253],[-73.9814,5.7207],[-73.9801,5.7182],[-73.9754,5.7154],[-73.9738,5.7089],[-73.9688,5.7016],[-73.9602,5.7001],[-73.954,5.7003],[-73.9477,5.6968],[-73.9457,5.6937],[-73.9478,5.6924],[-73.9498,5.687],[-73.9464,5.6804],[-73.9441,5.6729],[-73.9461,5.6688],[-73.9414,5.6595],[-73.9435,5.6567],[-73.9438,5.6459],[-73.9364,5.6325],[-73.9328,5.6318],[-73.9314,5.6281],[-73.9267,5.6326],[-73.9266,5.635],[-73.9225,5.639],[-73.9198,5.6357],[-73.9137,5.6345],[-73.9039,5.6294],[-73.904,5.6261],[-73.9014,5.6214],[-73.8977,5.6196],[-73.9011,5.6141],[-73.9036,5.6058],[-73.9124,5.5904],[-73.9178,5.585],[-73.9189,5.5809],[-73.9259,5.574],[-73.9324,5.5702]]]}},{"type":"Feature","id":"15764","properties":{"codigo_municipio":"15764","nombre_dane":"Soracá","lon_etiqueta":-73.3181,"lat_etiqueta":5.4919},"geometry":{"type":"Polygon","coordinates":[[[-73.3073,5.5392],[-73.2982,5.5349],[-73.2954,5.5251],[-73.2848,5.5242],[-73.2846,5.5174],[-73.2806,5.5145],[-73.2785,5.5062],[-73.2875,5.4971],[-73.2875,5.4887],[-73.2859,5.4854],[-73.2857,5.4839],[-73.2915,5.4809],[-73.2962,5.4759],[-73.3039,5.4721],[-73.31,5.4658],[-73.3096,5.4622],[-73.3144,5.45],[-73.3152,5.4433],[-73.3172,5.4478],[-73.3203,5.45],[-73.3226,5.4489],[-73.332,5.4403],[-73.3346,5.4414],[-73.3363,5.4469],[-73.3426,5.4485],[-73.3385,5.4537],[-73.3376,5.4668],[-73.3401,5.4696],[-73.344,5.4699],[-73.3509,5.4758],[-73.3585,5.4736],[-73.3612,5.4741],[-73.3537,5.4817],[-73.3485,5.4924],[-73.3576,5.4981],[-73.3468,5.5148],[-73.3434,5.5185],[-73.3403,5.5266],[-73.3351,5.5241],[-73.3237,5.526],[-73.3205,5.5302],[-73.3212,5.5348],[-73.3196,5.5434],[-73.3081,5.5432],[-73.3073,5.5392]]]}},{"type":"Feature","id":"15480","properties":{"codigo_municipio":"15480","nombre_dane":"Muzo","lon_etiqueta":-74.0935,"lat_etiqueta":5.5192},"geometry":{"type":"Polygon","coordinates":[[[-74.0518,5.4955],[-74.0591,5.5016],[-74.0626,5.4983],[-74.065,5.499],[-74.0674,5.4946],[-74.0696,5.4948],[-74.0776,5.4856],[-74.0844,5.4822],[-74.0876,5.4825],[-74.094,5.4793],[-74.0968,5.476],[-74.0969,5.4706],[-74.0981,5.4698],[-74.1094,5.4733],[-74.1164,5.4741],[-74.1162,5.4703],[-74.1131,5.467],[-74.1147,5.4605],[-74.1197,5.4493],[-74.1211,5.4443],[-74.1209,5.439],[-74.1231,5.4291],[-74.1288,5.4299],[-74.1326,5.4357],[-74.1368,5.4392],[-74.1371,5.4432],[-74.1439,5.4485],[-74.1482,5.4482],[-74.1499,5.4449],[-74.1541,5.4476],[-74.1608,5.4479],[-74.1645,5.4533],[-74.1721,5.4605],[-74.1753,5.4622],[-74.1743,5.4655],[-74.1759,5.4707],[-74.1732,5.4735],[-74.157,5.4782],[-74.148,5.4859],[-74.1492,5.4889],[-74.1437,5.4996],[-74.1388,5.5006],[-74.1356,5.5032],[-74.1338,5.5074],[-74.1326,5.5153],[-74.1304,5.5187],[-74.1292,5.5268],[-74.1337,5.5284],[-74.1365,5.5314],[-74.1426,5.5335],[-74.1455,5.5393],[-74.1514,5.542],[-74.1558,5.5484],[-74.1581,5.5465],[-74.1613,5.549],[-74.1574,5.5537],[-74.1598,5.5577],[-74.1607,5.5636],[-74.1637,5.5678],[-74.1626,5.5742],[-74.1644,5.5764],[-74.1645,5.5832],[-74.1606,5.5891],[-74.162,5.5909],[-74.1616,5.5979],[-74.1589,5.5961],[-74.1576,5.5954],[-74.1492,5.5979],[-74.1443,5.5955],[-74.1371,5.5971],[-74.1328,5.5961],[-74.1307,5.6003],[-74.1249,5.6035],[-74.1218,5.6079],[-74.117,5.6091],[-74.1154,5.6063],[-74.1093,5.6043],[-74.1074,5.6069],[-74.1049,5.6052],[-74.1,5.6057],[-74.0946,5.6009],[-74.09,5.6003],[-74.0886,5.6032],[-74.0877,5.5972],[-74.0916,5.5975],[-74.0903,5.5926],[-74.0927,5.5909],[-74.0902,5.588],[-74.0953,5.5845],[-74.0917,5.5778],[-74.0925,5.5711],[-74.0892,5.568],[-74.0851,5.5674],[-74.0794,5.5602],[-74.0789,5.5526],[-74.0749,5.5433],[-74.0755,5.5389],[-74.0597,5.5302],[-74.0616,5.5259],[-74.0547,5.523],[-74.0567,5.5191],[-74.0539,5.5142],[-74.0534,5.5081],[-74.0512,5.5031],[-74.047,5.5003],[-74.0518,5.4955]]]}},{"type":"Feature","id":"15790","properties":{"codigo_municipio":"15790","nombre_dane":"Tasco","lon_etiqueta":-72.7577,"lat_etiqueta":5.8981},"geometry":{"type":"Polygon","coordinates":[[[-72.8014,5.852],[-72.8056,5.8544],[-72.8102,5.8596],[-72.8115,5.8643],[-72.816,5.8673],[-72.8236,5.8781],[-72.8266,5.879],[-72.822,5.8865],[-72.8162,5.8924],[-72.8097,5.8945],[-72.8049,5.8995],[-72.8019,5.8992],[-72.7976,5.9069],[-72.7981,5.9178],[-72.7961,5.9198],[-72.798,5.9246],[-72.8016,5.9296],[-72.7931,5.931],[-72.7897,5.942],[-72.783,5.9532],[-72.7792,5.9545],[-72.778,5.9577],[-72.7686,5.9656],[-72.7626,5.9755],[-72.7554,5.9818],[-72.7512,5.982],[-72.7459,5.9847],[-72.7431,5.9879],[-72.7404,5.9809],[-72.7418,5.9765],[-72.7386,5.9668],[-72.7363,5.9628],[-72.7365,5.9584],[-72.7336,5.9555],[-72.7334,5.9511],[-72.7287,5.9466],[-72.7215,5.9488],[-72.7144,5.9446],[-72.7126,5.9417],[-72.7134,5.9381],[-72.7172,5.9353],[-72.7217,5.935],[-72.7265,5.93],[-72.7226,5.923],[-72.7189,5.9201],[-72.7169,5.9129],[-72.7111,5.9051],[-72.7102,5.891],[-72.704,5.8882],[-72.7013,5.8796],[-72.6976,5.8759],[-72.6951,5.871],[-72.6832,5.866],[-72.6744,5.8678],[-72.6553,5.8819],[-72.6532,5.8828],[-72.6528,5.8902],[-72.6569,5.8924],[-72.653,5.9032],[-72.6507,5.9069],[-72.6425,5.9066],[-72.6266,5.9103],[-72.6222,5.9144],[-72.6198,5.9124],[-72.6163,5.9046],[-72.6239,5.8892],[-72.6228,5.8881],[-72.6286,5.8625],[-72.6301,5.8596],[-72.6271,5.8491],[-72.6317,5.8291],[-72.6341,5.8281],[-72.6384,5.8224],[-72.6393,5.8166],[-72.6524,5.8145],[-72.6546,5.8117],[-72.6649,5.8085],[-72.6699,5.809],[-72.6885,5.8173],[-72.6858,5.8222],[-72.6867,5.8319],[-72.7016,5.8358],[-72.7162,5.8281],[-72.725,5.8253],[-72.7292,5.8252],[-72.7444,5.8194],[-72.7492,5.8151],[-72.7527,5.8252],[-72.7574,5.8277],[-72.759,5.8312],[-72.77,5.8405],[-72.7715,5.8441],[-72.7764,5.8478],[-72.7798,5.8455],[-72.7858,5.8449],[-72.7934,5.8528],[-72.7981,5.8539],[-72.8014,5.852]]]}},{"type":"Feature","id":"15097","properties":{"codigo_municipio":"15097","nombre_dane":"Boavita","lon_etiqueta":-72.6093,"lat_etiqueta":6.3317},"geometry":{"type":"Polygon","coordinates":[[[-72.5765,6.3473],[-72.5725,6.3389],[-72.569,6.337],[-72.5646,6.3252],[-72.57,6.3163],[-72.5709,6.3099],[-72.579,6.3099],[-72.5804,6.3077],[-72.5861,6.3096],[-72.588,6.2992],[-72.5833,6.3],[-72.584,6.2928],[-72.5854,6.2915],[-72.5827,6.2851],[-72.5843,6.2825],[-72.5811,6.2819],[-72.5797,6.2788],[-72.5874,6.2661],[-72.5906,6.2646],[-72.5927,6.2693],[-72.5983,6.2729],[-72.6022,6.2788],[-72.6024,6.2715],[-72.6073,6.2605],[-72.6107,6.2475],[-72.6142,6.242],[-72.6182,6.2331],[-72.6191,6.2257],[-72.6287,6.2232],[-72.6356,6.2199],[-72.6353,6.2264],[-72.6387,6.2292],[-72.6415,6.2395],[-72.6402,6.2454],[-72.6428,6.2511],[-72.6405,6.2659],[-72.6423,6.269],[-72.6398,6.2748],[-72.6412,6.2791],[-72.6428,6.2874],[-72.6465,6.2905],[-72.6467,6.294],[-72.644,6.3051],[-72.6457,6.309],[-72.6446,6.3129],[-72.6491,6.3201],[-72.6481,6.3243],[-72.6518,6.3293],[-72.6512,6.3366],[-72.6529,6.3375],[-72.652,6.3417],[-72.6556,6.3519],[-72.6571,6.3588],[-72.6573,6.3653],[-72.6554,6.371],[-72.6566,6.3738],[-72.655,6.3779],[-72.6544,6.3852],[-72.6564,6.3891],[-72.6555,6.3926],[-72.6583,6.4033],[-72.6563,6.4062],[-72.6595,6.4102],[-72.6581,6.4129],[-72.6602,6.4187],[-72.663,6.421],[-72.6645,6.4256],[-72.663,6.4292],[-72.6658,6.4339],[-72.6647,6.4372],[-72.6615,6.4398],[-72.6606,6.4432],[-72.6554,6.442],[-72.6495,6.4366],[-72.6412,6.4368],[-72.6387,6.4381],[-72.6312,6.4383],[-72.6283,6.4406],[-72.6234,6.4407],[-72.6245,6.437],[-72.6236,6.4317],[-72.6258,6.4231],[-72.6215,6.4125],[-72.615,6.4128],[-72.6091,6.4087],[-72.6027,6.4108],[-72.5996,6.401],[-72.5949,6.3946],[-72.5972,6.3924],[-72.5977,6.383],[-72.5971,6.3793],[-72.5919,6.3732],[-72.588,6.3607],[-72.5858,6.3582],[-72.5767,6.3538],[-72.5758,6.3506],[-72.5765,6.3473]]]}},{"type":"Feature","id":"15494","properties":{"codigo_municipio":"15494","nombre_dane":"Nuevo Colón","lon_etiqueta":-73.4511,"lat_etiqueta":5.3527},"geometry":{"type":"Polygon","coordinates":[[[-73.4218,5.4041],[-73.418,5.3846],[-73.4151,5.3796],[-73.4185,5.3715],[-73.4192,5.3668],[-73.4166,5.363],[-73.4187,5.3554],[-73.4214,5.3529],[-73.425,5.3464],[-73.4298,5.3405],[-73.4432,5.3278],[-73.4483,5.3268],[-73.447,5.325],[-73.4479,5.3189],[-73.4509,5.3127],[-73.4545,5.3101],[-73.4519,5.3095],[-73.4519,5.3036],[-73.4585,5.2952],[-73.4649,5.2911],[-73.468,5.295],[-73.4715,5.2941],[-73.478,5.2894],[-73.4807,5.2942],[-73.4764,5.302],[-73.4743,5.3105],[-73.4686,5.3174],[-73.4707,5.3197],[-73.4721,5.3261],[-73.4683,5.3318],[-73.4727,5.3471],[-73.4802,5.3517],[-73.4817,5.355],[-73.4792,5.3607],[-73.4776,5.3701],[-73.4726,5.3726],[-73.4666,5.3789],[-73.4606,5.3776],[-73.4546,5.3856],[-73.4516,5.3874],[-73.4499,5.385],[-73.4472,5.3873],[-73.4459,5.3927],[-73.442,5.3979],[-73.4418,5.4046],[-73.4403,5.4064],[-73.4409,5.4151],[-73.4368,5.4157],[-73.4324,5.4098],[-73.4263,5.4084],[-73.4218,5.4041]]]}},{"type":"Feature","id":"15051","properties":{"codigo_municipio":"15051","nombre_dane":"Arcabuco","lon_etiqueta":-73.4516,"lat_etiqueta":5.7553},"geometry":{"type":"Polygon","coordinates":[[[-73.3797,5.7564],[-73.3798,5.7519],[-73.3769,5.7495],[-73.3797,5.7461],[-73.3742,5.7428],[-73.3743,5.7385],[-73.377,5.7346],[-73.3782,5.7255],[-73.3765,5.7208],[-73.373,5.7208],[-73.3724,5.7177],[-73.3678,5.7149],[-73.3652,5.7038],[-73.3598,5.7053],[-73.3558,5.7046],[-73.3504,5.6972],[-73.3484,5.6908],[-73.348,5.6851],[-73.3418,5.6797],[-73.3443,5.6788],[-73.344,5.6758],[-73.3473,5.6704],[-73.3563,5.668],[-73.3619,5.664],[-73.3631,5.6645],[-73.3696,5.6685],[-73.3818,5.6726],[-73.3833,5.6776],[-73.3835,5.6877],[-73.3859,5.6934],[-73.3943,5.6986],[-73.3976,5.7026],[-73.4008,5.7145],[-73.4058,5.7123],[-73.4111,5.7123],[-73.4152,5.7073],[-73.4211,5.7057],[-73.4234,5.7077],[-73.4293,5.7045],[-73.4324,5.7083],[-73.4421,5.7134],[-73.45,5.7205],[-73.4518,5.7256],[-73.4604,5.7269],[-73.464,5.7256],[-73.4667,5.7211],[-73.4765,5.7169],[-73.4777,5.7226],[-73.4875,5.7229],[-73.4908,5.7209],[-73.5034,5.7164],[-73.5073,5.7248],[-73.5008,5.7321],[-73.4988,5.7395],[-73.4939,5.7454],[-73.4992,5.7496],[-73.5025,5.7493],[-73.5077,5.7533],[-73.5088,5.7573],[-73.5033,5.7653],[-73.4992,5.7743],[-73.5003,5.7789],[-73.4974,5.7827],[-73.5001,5.7864],[-73.4956,5.7903],[-73.4865,5.8033],[-73.492,5.809],[-73.4971,5.8121],[-73.4983,5.8165],[-73.5057,5.8237],[-73.5107,5.8272],[-73.514,5.8316],[-73.5109,5.8336],[-73.5081,5.8322],[-73.5062,5.8347],[-73.5084,5.84],[-73.5131,5.8454],[-73.5125,5.847],[-73.5073,5.8441],[-73.5003,5.8437],[-73.4941,5.8384],[-73.4915,5.8389],[-73.493,5.8311],[-73.4772,5.8281],[-73.4716,5.8216],[-73.4735,5.8168],[-73.4654,5.814],[-73.4597,5.8132],[-73.4524,5.8073],[-73.4498,5.8039],[-73.4393,5.8004],[-73.4359,5.7982],[-73.4315,5.793],[-73.43,5.7879],[-73.4316,5.7814],[-73.4283,5.7789],[-73.4273,5.7752],[-73.4318,5.7714],[-73.4308,5.7671],[-73.4271,5.7657],[-73.4177,5.7688],[-73.4099,5.7623],[-73.3982,5.7589],[-73.3905,5.7511],[-73.386,5.7542],[-73.3817,5.7605],[-73.3797,5.7564]]]}},{"type":"Feature","id":"15600","properties":{"codigo_municipio":"15600","nombre_dane":"Ráquira","lon_etiqueta":-73.6213,"lat_etiqueta":5.4973},"geometry":{"type":"Polygon","coordinates":[[[-73.5779,5.5882],[-73.5755,5.5832],[-73.5771,5.5749],[-73.5729,5.5659],[-73.5765,5.5602],[-73.5734,5.5588],[-73.571,5.5551],[-73.5718,5.5516],[-73.569,5.5492],[-73.566,5.5497],[-73.5635,5.5469],[-73.5565,5.5339],[-73.5557,5.5256],[-73.5499,5.5219],[-73.5513,5.5192],[-73.5547,5.5203],[-73.5589,5.5172],[-73.5585,5.5092],[-73.5501,5.5067],[-73.5485,5.5045],[-73.543,5.5037],[-73.5368,5.5003],[-73.5409,5.4952],[-73.5441,5.4946],[-73.5498,5.4903],[-73.5564,5.4824],[-73.5585,5.4782],[-73.5656,5.4757],[-73.5679,5.4784],[-73.5715,5.4718],[-73.5781,5.4667],[-73.5848,5.4685],[-73.5865,5.4667],[-73.5947,5.4664],[-73.5968,5.4626],[-73.6009,5.4596],[-73.5991,5.4578],[-73.6007,5.4486],[-73.5991,5.4443],[-73.5997,5.4386],[-73.5965,5.436],[-73.6004,5.4307],[-73.5931,5.4225],[-73.5973,5.4165],[-73.6007,5.417],[-73.6065,5.4137],[-73.6153,5.4101],[-73.6185,5.4048],[-73.6248,5.4097],[-73.627,5.4127],[-73.6319,5.4135],[-73.6348,5.416],[-73.6409,5.4179],[-73.6495,5.4149],[-73.6537,5.4177],[-73.6553,5.4262],[-73.6586,5.4265],[-73.6654,5.4303],[-73.6688,5.4288],[-73.6718,5.4333],[-73.6798,5.436],[-73.6767,5.4372],[-73.675,5.4423],[-73.6791,5.454],[-73.6764,5.4572],[-73.6775,5.4596],[-73.6902,5.4474],[-73.6967,5.4468],[-73.7033,5.4536],[-73.7068,5.4559],[-73.7195,5.4588],[-73.7174,5.466],[-73.7176,5.4755],[-73.7202,5.4781],[-73.7284,5.4792],[-73.7349,5.4724],[-73.7433,5.4687],[-73.7435,5.471],[-73.738,5.4733],[-73.7381,5.4757],[-73.7321,5.4789],[-73.7322,5.4827],[-73.7272,5.4812],[-73.7258,5.4862],[-73.7096,5.4914],[-73.7028,5.4986],[-73.6965,5.5034],[-73.6919,5.5105],[-73.6862,5.5173],[-73.6871,5.5213],[-73.6928,5.5252],[-73.6907,5.529],[-73.6837,5.5353],[-73.6785,5.5419],[-73.6783,5.5456],[-73.672,5.5403],[-73.6646,5.5384],[-73.6537,5.551],[-73.645,5.552],[-73.6392,5.5579],[-73.6365,5.5633],[-73.6317,5.5644],[-73.628,5.5694],[-73.6246,5.5698],[-73.6125,5.5728],[-73.6034,5.5786],[-73.6028,5.5819],[-73.6002,5.5817],[-73.5964,5.5867],[-73.5875,5.5874],[-73.5803,5.5899],[-73.5779,5.5882]]]}},{"type":"Feature","id":"15897","properties":{"codigo_municipio":"15897","nombre_dane":"Zetaquirá","lon_etiqueta":-73.1957,"lat_etiqueta":5.2794},"geometry":{"type":"Polygon","coordinates":[[[-73.1542,5.2346],[-73.1588,5.2354],[-73.1612,5.2388],[-73.1705,5.2398],[-73.1739,5.2366],[-73.1852,5.2377],[-73.1915,5.24],[-73.194,5.2369],[-73.2001,5.2367],[-73.204,5.2351],[-73.2073,5.2359],[-73.2154,5.2317],[-73.2178,5.2232],[-73.216,5.2173],[-73.2178,5.2111],[-73.2241,5.2057],[-73.2251,5.2015],[-73.2352,5.1923],[-73.242,5.1889],[-73.2517,5.1889],[-73.2578,5.185],[-73.264,5.1903],[-73.2687,5.1895],[-73.2733,5.1929],[-73.279,5.1918],[-73.2839,5.1935],[-73.2901,5.1976],[-73.2957,5.1983],[-73.2912,5.2006],[-73.2835,5.2067],[-73.2757,5.2139],[-73.2564,5.2196],[-73.2543,5.2268],[-73.2482,5.2281],[-73.2473,5.2305],[-73.2532,5.233],[-73.2575,5.2366],[-73.2631,5.2368],[-73.2697,5.2393],[-73.2727,5.2425],[-73.2793,5.2453],[-73.2777,5.257],[-73.279,5.2609],[-73.285,5.2658],[-73.285,5.273],[-73.288,5.2771],[-73.2859,5.2874],[-73.2841,5.2899],[-73.2794,5.2912],[-73.2727,5.2991],[-73.2697,5.3004],[-73.2681,5.2973],[-73.2596,5.2915],[-73.2656,5.2873],[-73.2432,5.288],[-73.2378,5.2852],[-73.2336,5.2851],[-73.2287,5.2911],[-73.2155,5.3045],[-73.2076,5.3097],[-73.2003,5.3166],[-73.1911,5.3171],[-73.1843,5.3219],[-73.1877,5.3227],[-73.1883,5.3254],[-73.1777,5.3348],[-73.1768,5.3391],[-73.1702,5.34],[-73.1579,5.3508],[-73.1535,5.3511],[-73.1464,5.3495],[-73.1417,5.3424],[-73.1381,5.3482],[-73.1332,5.3506],[-73.1306,5.3545],[-73.1263,5.3573],[-73.1251,5.3548],[-73.1189,5.3504],[-73.1112,5.3481],[-73.1026,5.3514],[-73.0953,5.3566],[-73.0903,5.3615],[-73.0872,5.3624],[-73.0745,5.3691],[-73.0664,5.3693],[-73.0617,5.3665],[-73.0541,5.3701],[-73.0534,5.3743],[-73.0498,5.3733],[-73.0467,5.367],[-73.0464,5.3602],[-73.0431,5.3602],[-73.0464,5.3538],[-73.0447,5.3452],[-73.0449,5.3409],[-73.0427,5.3361],[-73.0406,5.3257],[-73.0444,5.3238],[-73.0461,5.3204],[-73.0416,5.3124],[-73.0471,5.3084],[-73.0519,5.3074],[-73.058,5.3081],[-73.0611,5.302],[-73.0639,5.3006],[-73.0745,5.2949],[-73.0817,5.29],[-73.0905,5.2859],[-73.0948,5.2849],[-73.1079,5.2772],[-73.1113,5.271],[-73.1165,5.2705],[-73.124,5.2612],[-73.1267,5.254],[-73.1364,5.2462],[-73.1365,5.244],[-73.1455,5.2358],[-73.1482,5.229],[-73.1542,5.2346]]]}},{"type":"Feature","id":"15507","properties":{"codigo_municipio":"15507","nombre_dane":"Otanche","lon_etiqueta":-74.2203,"lat_etiqueta":5.7439},"geometry":{"type":"Polygon","coordinates":[[[-74.1616,5.5979],[-74.1627,5.5956],[-74.1714,5.5982],[-74.1759,5.594],[-74.1798,5.5943],[-74.1822,5.5882],[-74.185,5.5872],[-74.1875,5.5833],[-74.1937,5.5767],[-74.1987,5.5778],[-74.1996,5.5825],[-74.2026,5.5859],[-74.2038,5.5909],[-74.202,5.5932],[-74.2028,5.5986],[-74.2053,5.6021],[-74.2066,5.6076],[-74.2127,5.6095],[-74.2208,5.6094],[-74.2254,5.6134],[-74.2235,5.618],[-74.2278,5.6188],[-74.2354,5.6244],[-74.2463,5.6252],[-74.2524,5.6351],[-74.2565,5.6387],[-74.2627,5.6379],[-74.2681,5.6346],[-74.2698,5.6302],[-74.2781,5.6324],[-74.2828,5.632],[-74.2864,5.634],[-74.2883,5.6328],[-74.2906,5.6365],[-74.2973,5.6348],[-74.3019,5.6392],[-74.3062,5.6384],[-74.3061,5.6429],[-74.3082,5.6482],[-74.3047,5.6494],[-74.3053,5.652],[-74.3002,5.6524],[-74.3011,5.6542],[-74.297,5.6561],[-74.2921,5.6613],[-74.293,5.6633],[-74.2852,5.6637],[-74.2825,5.6752],[-74.2835,5.6796],[-74.279,5.6849],[-74.2809,5.6875],[-74.278,5.6887],[-74.2764,5.6928],[-74.28,5.6992],[-74.2891,5.7019],[-74.2933,5.7017],[-74.2963,5.7064],[-74.2996,5.7066],[-74.3042,5.7097],[-74.3013,5.7152],[-74.3023,5.7242],[-74.298,5.7282],[-74.2954,5.7341],[-74.2917,5.7352],[-74.2918,5.7388],[-74.2872,5.7455],[-74.2889,5.75],[-74.2959,5.7546],[-74.2941,5.7594],[-74.2969,5.7641],[-74.2917,5.7632],[-74.2894,5.7666],[-74.2864,5.7753],[-74.2836,5.7776],[-74.2798,5.7841],[-74.2745,5.7879],[-74.2722,5.7921],[-74.2702,5.8042],[-74.2651,5.8076],[-74.2618,5.8171],[-74.2635,5.8217],[-74.2633,5.8283],[-74.2661,5.8346],[-74.2442,5.8335],[-74.2338,5.8361],[-74.2267,5.8406],[-74.2249,5.8467],[-74.2189,5.8465],[-74.221,5.8479],[-74.2147,5.8516],[-74.2146,5.8539],[-74.2084,5.8539],[-74.206,5.8562],[-74.2023,5.8512],[-74.1973,5.8529],[-74.1952,5.8557],[-74.1943,5.8653],[-74.199,5.8698],[-74.2001,5.8767],[-74.1936,5.879],[-74.1896,5.8842],[-74.1901,5.8906],[-74.187,5.8955],[-74.1873,5.8988],[-74.1846,5.9006],[-74.183,5.9054],[-74.1867,5.9073],[-74.1843,5.9104],[-74.1804,5.9111],[-74.1736,5.9062],[-74.1728,5.9029],[-74.1689,5.9015],[-74.1662,5.8979],[-74.154,5.8915],[-74.1477,5.8899],[-74.1406,5.8844],[-74.1393,5.8808],[-74.1333,5.8759],[-74.1284,5.8767],[-74.1224,5.8755],[-74.1088,5.8765],[-74.1068,5.8788],[-74.1031,5.877],[-74.1,5.8722],[-74.1007,5.8685],[-74.0956,5.8638],[-74.0943,5.8598],[-74.0916,5.8585],[-74.091,5.8526],[-74.0893,5.8498],[-74.089,5.8415],[-74.0838,5.8429],[-74.0854,5.8375],[-74.0818,5.8376],[-74.0793,5.8305],[-74.0814,5.8249],[-74.0793,5.8185],[-74.0789,5.8145],[-74.0836,5.807],[-74.0846,5.803],[-74.0876,5.7994],[-74.0874,5.7957],[-74.0905,5.7893],[-74.0911,5.7819],[-74.0891,5.7787],[-74.0926,5.7708],[-74.0907,5.7674],[-74.0926,5.7597],[-74.099,5.7589],[-74.1018,5.7559],[-74.1087,5.7552],[-74.1089,5.7526],[-74.1147,5.7517],[-74.1162,5.7551],[-74.1208,5.7527],[-74.1229,5.7488],[-74.1332,5.7492],[-74.1391,5.7523],[-74.1418,5.7497],[-74.1481,5.7484],[-74.1496,5.7445],[-74.1525,5.7425],[-74.1558,5.7434],[-74.1579,5.7404],[-74.156,5.7391],[-74.1594,5.7362],[-74.1599,5.7316],[-74.1624,5.7308],[-74.1614,5.7267],[-74.1667,5.7251],[-74.1674,5.7202],[-74.1722,5.7177],[-74.169,5.7159],[-74.1736,5.7077],[-74.1724,5.6978],[-74.1739,5.6941],[-74.1708,5.6894],[-74.1719,5.6826],[-74.1743,5.6777],[-74.173,5.6691],[-74.1755,5.664],[-74.1731,5.6611],[-74.1727,5.6547],[-74.1754,5.6483],[-74.1791,5.6432],[-74.1845,5.64],[-74.1791,5.6389],[-74.1692,5.6414],[-74.1691,5.6364],[-74.1644,5.6369],[-74.1635,5.6327],[-74.1655,5.6185],[-74.1628,5.6135],[-74.1639,5.611],[-74.1618,5.6032],[-74.1589,5.5961],[-74.1616,5.5979]]]}},{"type":"Feature","id":"15638","properties":{"codigo_municipio":"15638","nombre_dane":"Sáchica","lon_etiqueta":-73.5395,"lat_etiqueta":5.5771},"geometry":{"type":"Polygon","coordinates":[[[-73.5111,5.5995],[-73.5101,5.5933],[-73.5132,5.59],[-73.5119,5.5831],[-73.5027,5.5772],[-73.5014,5.5676],[-73.4984,5.5641],[-73.4989,5.5595],[-73.5012,5.5552],[-73.5044,5.5527],[-73.5088,5.5463],[-73.5094,5.5422],[-73.5125,5.5408],[-73.5173,5.5335],[-73.5279,5.5328],[-73.5316,5.5306],[-73.5353,5.5307],[-73.544,5.5274],[-73.5499,5.5219],[-73.5557,5.5256],[-73.5565,5.5339],[-73.5635,5.5469],[-73.566,5.5497],[-73.569,5.5492],[-73.5718,5.5516],[-73.571,5.5551],[-73.5734,5.5588],[-73.5765,5.5602],[-73.5729,5.5659],[-73.5771,5.5749],[-73.5755,5.5832],[-73.5779,5.5882],[-73.5803,5.5899],[-73.5788,5.5988],[-73.5768,5.6026],[-73.579,5.6053],[-73.578,5.6117],[-73.5798,5.6159],[-73.5798,5.6217],[-73.582,5.6279],[-73.5777,5.6311],[-73.566,5.6323],[-73.5618,5.6319],[-73.5653,5.6268],[-73.5637,5.623],[-73.5641,5.6187],[-73.5604,5.612],[-73.5574,5.6097],[-73.5536,5.6097],[-73.55,5.607],[-73.5527,5.6044],[-73.5489,5.6033],[-73.5474,5.5985],[-73.5409,5.598],[-73.5356,5.6015],[-73.5324,5.6052],[-73.525,5.6068],[-73.5188,5.6053],[-73.5163,5.601],[-73.5111,5.5995]]]}},{"type":"Feature","id":"15681","properties":{"codigo_municipio":"15681","nombre_dane":"San Pablo De Borbur","lon_etiqueta":-74.111,"lat_etiqueta":5.6776},"geometry":{"type":"Polygon","coordinates":[[[-74.0659,5.6409],[-74.065,5.6345],[-74.0698,5.6297],[-74.0723,5.6242],[-74.0873,5.6086],[-74.0886,5.6032],[-74.09,5.6003],[-74.0946,5.6009],[-74.1,5.6057],[-74.1049,5.6052],[-74.1074,5.6069],[-74.1093,5.6043],[-74.1154,5.6063],[-74.117,5.6091],[-74.1218,5.6079],[-74.1249,5.6035],[-74.1307,5.6003],[-74.1328,5.5961],[-74.1371,5.5971],[-74.1443,5.5955],[-74.1492,5.5979],[-74.1576,5.5954],[-74.1589,5.5961],[-74.1618,5.6032],[-74.1639,5.611],[-74.1628,5.6135],[-74.1655,5.6185],[-74.1635,5.6327],[-74.1644,5.6369],[-74.1691,5.6364],[-74.1692,5.6414],[-74.1791,5.6389],[-74.1845,5.64],[-74.1791,5.6432],[-74.1754,5.6483],[-74.1727,5.6547],[-74.1731,5.6611],[-74.1755,5.664],[-74.173,5.6691],[-74.1743,5.6777],[-74.1719,5.6826],[-74.1708,5.6894],[-74.1739,5.6941],[-74.1724,5.6978],[-74.1736,5.7077],[-74.169,5.7159],[-74.1722,5.7177],[-74.1674,5.7202],[-74.1667,5.7251],[-74.1614,5.7267],[-74.1624,5.7308],[-74.1599,5.7316],[-74.1594,5.7362],[-74.156,5.7391],[-74.1579,5.7404],[-74.1558,5.7434],[-74.1525,5.7425],[-74.1496,5.7445],[-74.1481,5.7484],[-74.1418,5.7497],[-74.1391,5.7523],[-74.1332,5.7492],[-74.1229,5.7488],[-74.1208,5.7527],[-74.1162,5.7551],[-74.1147,5.7517],[-74.1089,5.7526],[-74.1087,5.7552],[-74.1018,5.7559],[-74.099,5.7589],[-74.0926,5.7597],[-74.0922,5.7529],[-74.0884,5.7494],[-74.085,5.7398],[-74.0795,5.7368],[-74.0775,5.7341],[-74.0679,5.7285],[-74.0616,5.7264],[-74.0593,5.724],[-74.0517,5.7227],[-74.049,5.7181],[-74.0419,5.7142],[-74.0385,5.7052],[-74.0407,5.6996],[-74.0389,5.6936],[-74.0399,5.6903],[-74.045,5.6891],[-74.0508,5.6827],[-74.0465,5.6796],[-74.0485,5.6708],[-74.0564,5.6616],[-74.0607,5.6492],[-74.0659,5.6409]]]}},{"type":"Feature","id":"15104","properties":{"codigo_municipio":"15104","nombre_dane":"Boyacá","lon_etiqueta":-73.3786,"lat_etiqueta":5.4401},"geometry":{"type":"Polygon","coordinates":[[[-73.355,5.427],[-73.3646,5.4195],[-73.3674,5.4149],[-73.3847,5.4046],[-73.3885,5.4191],[-73.3929,5.4217],[-73.3983,5.4208],[-73.4099,5.417],[-73.4159,5.4172],[-73.4195,5.4132],[-73.4229,5.4124],[-73.4263,5.4084],[-73.4324,5.4098],[-73.4368,5.4157],[-73.4409,5.4151],[-73.4404,5.4175],[-73.4334,5.4244],[-73.4253,5.4375],[-73.4176,5.4415],[-73.4158,5.4485],[-73.4095,5.4526],[-73.4044,5.4497],[-73.4026,5.4547],[-73.3989,5.4584],[-73.3944,5.4566],[-73.388,5.459],[-73.3735,5.4668],[-73.3659,5.4735],[-73.3612,5.4741],[-73.3585,5.4736],[-73.3509,5.4758],[-73.344,5.4699],[-73.3401,5.4696],[-73.3376,5.4668],[-73.3385,5.4537],[-73.3426,5.4485],[-73.3363,5.4469],[-73.3346,5.4414],[-73.3387,5.435],[-73.3412,5.4361],[-73.3489,5.4307],[-73.352,5.4321],[-73.355,5.427]]]}},{"type":"Feature","id":"15798","properties":{"codigo_municipio":"15798","nombre_dane":"Tenza","lon_etiqueta":-73.4156,"lat_etiqueta":5.0795},"geometry":{"type":"Polygon","coordinates":[[[-73.3865,5.0773],[-73.3867,5.0714],[-73.3902,5.0688],[-73.3889,5.0647],[-73.3938,5.048],[-73.4011,5.0501],[-73.4057,5.0468],[-73.4086,5.0504],[-73.419,5.0563],[-73.4242,5.0496],[-73.4236,5.0469],[-73.4277,5.038],[-73.4361,5.037],[-73.4436,5.04],[-73.4484,5.0399],[-73.4493,5.0456],[-73.4554,5.0495],[-73.465,5.0492],[-73.4736,5.0515],[-73.475,5.0578],[-73.4796,5.0616],[-73.4748,5.066],[-73.4717,5.0661],[-73.4652,5.0699],[-73.4534,5.0714],[-73.4476,5.0757],[-73.4459,5.0803],[-73.4393,5.0866],[-73.4329,5.0873],[-73.4318,5.0936],[-73.4228,5.1083],[-73.4244,5.1176],[-73.4197,5.1219],[-73.4197,5.1155],[-73.418,5.1129],[-73.4106,5.11],[-73.4055,5.1047],[-73.4,5.1016],[-73.3979,5.102],[-73.3939,5.0935],[-73.3898,5.0877],[-73.3839,5.0848],[-73.3865,5.0773]]]}},{"type":"Feature","id":"15664","properties":{"codigo_municipio":"15664","nombre_dane":"San José De Pare","lon_etiqueta":-73.5366,"lat_etiqueta":6.0006},"geometry":{"type":"Polygon","coordinates":[[[-73.4888,5.9963],[-73.496,5.9869],[-73.5017,5.9822],[-73.504,5.9783],[-73.5102,5.975],[-73.5134,5.9716],[-73.5194,5.9721],[-73.5328,5.9607],[-73.5448,5.9557],[-73.5499,5.9507],[-73.5596,5.9522],[-73.5648,5.9558],[-73.5774,5.9562],[-73.5879,5.9524],[-73.5896,5.9605],[-73.5932,5.9594],[-73.5909,5.9654],[-73.592,5.9803],[-73.5902,5.9842],[-73.5913,5.9872],[-73.5886,5.9894],[-73.586,6.0063],[-73.5824,6.0093],[-73.582,6.012],[-73.5746,6.0148],[-73.5728,6.0143],[-73.5655,6.0183],[-73.559,6.0267],[-73.5595,6.029],[-73.5478,6.0319],[-73.5396,6.0374],[-73.5392,6.0403],[-73.5357,6.0444],[-73.5337,6.0507],[-73.5319,6.0492],[-73.5294,6.0418],[-73.5208,6.0331],[-73.5204,6.0289],[-73.5162,6.0288],[-73.5144,6.0262],[-73.508,6.026],[-73.5057,6.0221],[-73.5019,6.0194],[-73.4992,6.0135],[-73.4949,6.0093],[-73.4949,6.0052],[-73.4904,6.0017],[-73.486,6.0017],[-73.4888,5.9963]]]}},{"type":"Feature","id":"15185","properties":{"codigo_municipio":"15185","nombre_dane":"Chitaraque","lon_etiqueta":-73.4321,"lat_etiqueta":5.9841},"geometry":{"type":"Polygon","coordinates":[[[-73.4474,6.0778],[-73.4384,6.0715],[-73.4297,6.0685],[-73.4157,6.0736],[-73.4148,6.0708],[-73.4191,6.0684],[-73.4118,6.0601],[-73.4067,6.0591],[-73.4031,6.0545],[-73.4063,6.051],[-73.4027,6.0466],[-73.3992,6.0455],[-73.3949,6.0377],[-73.3891,6.0309],[-73.3876,6.0231],[-73.3823,6.021],[-73.3826,6.0177],[-73.3781,6.0133],[-73.3757,6.0062],[-73.3707,6.0052],[-73.3723,5.9978],[-73.3714,5.9917],[-73.3743,5.988],[-73.3753,5.9827],[-73.3741,5.9801],[-73.3761,5.9765],[-73.3742,5.9747],[-73.3759,5.9702],[-73.374,5.9698],[-73.3763,5.9626],[-73.3809,5.9602],[-73.3811,5.9523],[-73.3843,5.9508],[-73.3894,5.9416],[-73.3863,5.9361],[-73.3886,5.9311],[-73.3942,5.9273],[-73.3974,5.9209],[-73.3958,5.9168],[-73.3985,5.9126],[-73.3984,5.909],[-73.4016,5.9013],[-73.4069,5.8984],[-73.4085,5.8893],[-73.4118,5.8912],[-73.4205,5.8894],[-73.4318,5.8963],[-73.4338,5.8983],[-73.4335,5.9],[-73.4609,5.9325],[-73.4553,5.9425],[-73.4534,5.9479],[-73.4552,5.9538],[-73.4638,5.9601],[-73.4654,5.9629],[-73.4659,5.9703],[-73.4691,5.9743],[-73.4785,5.9802],[-73.4818,5.9802],[-73.4877,5.9836],[-73.496,5.9869],[-73.4888,5.9963],[-73.486,6.0017],[-73.4785,6.0103],[-73.4715,6.0233],[-73.467,6.0267],[-73.4637,6.0333],[-73.4568,6.0382],[-73.4508,6.0464],[-73.4472,6.0648],[-73.4498,6.0741],[-73.454,6.0791],[-73.4474,6.0778]]]}},{"type":"Feature","id":"15822","properties":{"codigo_municipio":"15822","nombre_dane":"Tota","lon_etiqueta":-73.0127,"lat_etiqueta":5.4762},"geometry":{"type":"Polygon","coordinates":[[[-72.9989,5.5859],[-72.9915,5.5821],[-72.9874,5.5779],[-72.9851,5.5829],[-72.9779,5.572],[-72.973,5.5691],[-72.9614,5.56],[-72.9491,5.5545],[-72.9258,5.5672],[-72.922,5.5592],[-72.9207,5.5537],[-72.921,5.5465],[-72.9237,5.5376],[-72.9297,5.5284],[-72.9423,5.5123],[-72.9553,5.4991],[-72.9619,5.4875],[-72.9633,5.4807],[-72.9649,5.4798],[-72.9674,5.4728],[-72.9709,5.4692],[-72.973,5.4698],[-72.9859,5.4665],[-72.992,5.4582],[-72.988,5.4484],[-72.9866,5.4419],[-72.9879,5.4386],[-72.9921,5.4347],[-72.9921,5.4292],[-72.9958,5.4192],[-73.0025,5.4147],[-73.0074,5.405],[-73.0091,5.3993],[-73.0122,5.3948],[-73.0088,5.3939],[-73.01,5.3864],[-73.0163,5.3846],[-73.0302,5.371],[-73.0339,5.3709],[-73.0431,5.3602],[-73.0464,5.3602],[-73.0467,5.367],[-73.0498,5.3733],[-73.0511,5.3784],[-73.0471,5.3794],[-73.0449,5.3844],[-73.0542,5.3945],[-73.055,5.4047],[-73.051,5.4143],[-73.0481,5.4135],[-73.0472,5.4175],[-73.0392,5.428],[-73.0399,5.4322],[-73.0451,5.4316],[-73.0482,5.4293],[-73.0562,5.4282],[-73.0614,5.4232],[-73.065,5.4262],[-73.0661,5.4346],[-73.0719,5.4363],[-73.0679,5.4444],[-73.0685,5.4505],[-73.0656,5.4543],[-73.0659,5.4589],[-73.0631,5.461],[-73.0606,5.4665],[-73.0637,5.4712],[-73.0593,5.4762],[-73.0585,5.4846],[-73.0568,5.4889],[-73.0515,5.4957],[-73.047,5.5078],[-73.0435,5.5137],[-73.0442,5.5233],[-73.0391,5.5352],[-73.0351,5.5413],[-73.0313,5.5506],[-73.0258,5.5592],[-73.0161,5.5711],[-73.0093,5.577],[-73.0125,5.5805],[-73.0127,5.5901],[-73.0084,5.5928],[-73.0036,5.5928],[-72.9989,5.5859]]]}},{"type":"Feature","id":"15109","properties":{"codigo_municipio":"15109","nombre_dane":"Buenavista","lon_etiqueta":-73.9571,"lat_etiqueta":5.4872},"geometry":{"type":"Polygon","coordinates":[[[-73.9486,5.4277],[-73.953,5.4294],[-73.9555,5.4391],[-73.9503,5.4495],[-73.9617,5.4549],[-73.9694,5.4555],[-73.9811,5.4516],[-73.9846,5.454],[-73.9865,5.4582],[-73.9894,5.4583],[-73.999,5.4631],[-74.0093,5.4651],[-74.0132,5.4688],[-74.015,5.4678],[-74.0192,5.4724],[-74.0148,5.4776],[-74.0107,5.4884],[-74.008,5.4977],[-74.0011,5.504],[-74.0,5.5086],[-73.9939,5.5131],[-73.9903,5.5252],[-73.9843,5.5279],[-73.9771,5.5282],[-73.975,5.5304],[-73.9701,5.5265],[-73.9628,5.5403],[-73.9599,5.5426],[-73.9513,5.54],[-73.9413,5.5405],[-73.9308,5.546],[-73.9203,5.5433],[-73.9168,5.5488],[-73.9113,5.5499],[-73.9093,5.5455],[-73.9112,5.536],[-73.9074,5.5311],[-73.9105,5.5268],[-73.9106,5.5237],[-73.9117,5.5214],[-73.9098,5.5111],[-73.9062,5.5069],[-73.9067,5.5031],[-73.9096,5.5002],[-73.9089,5.4943],[-73.9048,5.4927],[-73.9029,5.4868],[-73.9043,5.4823],[-73.9023,5.4758],[-73.9038,5.4531],[-73.9012,5.4477],[-73.9053,5.446],[-73.9125,5.4322],[-73.9211,5.438],[-73.9254,5.44],[-73.93,5.4395],[-73.9422,5.4341],[-73.9471,5.4241],[-73.9486,5.4277]]]}},{"type":"Feature","id":"15425","properties":{"codigo_municipio":"15425","nombre_dane":"Macanal","lon_etiqueta":-73.2855,"lat_etiqueta":4.9811},"geometry":{"type":"Polygon","coordinates":[[[-73.3002,4.9085],[-73.3038,4.9101],[-73.3044,4.9131],[-73.3078,4.9153],[-73.31,4.919],[-73.3131,4.9194],[-73.3246,4.9111],[-73.3229,4.9049],[-73.3287,4.9023],[-73.3317,4.8987],[-73.3346,4.8997],[-73.3389,4.8971],[-73.3417,4.8934],[-73.3492,4.8942],[-73.3542,4.8935],[-73.3544,4.8984],[-73.3567,4.9011],[-73.3594,4.9109],[-73.3624,4.9152],[-73.3621,4.918],[-73.3699,4.9221],[-73.3755,4.9286],[-73.3682,4.9401],[-73.3645,4.9396],[-73.3583,4.9442],[-73.3545,4.9509],[-73.3538,4.9614],[-73.3512,4.9699],[-73.343,4.9768],[-73.3501,4.982],[-73.3529,4.9892],[-73.3561,4.9941],[-73.356,5.0034],[-73.3602,5.0067],[-73.3644,5.0143],[-73.363,5.0204],[-73.3584,5.0234],[-73.3428,5.0264],[-73.3403,5.0304],[-73.3401,5.0351],[-73.337,5.0387],[-73.3312,5.0401],[-73.3263,5.0383],[-73.3206,5.0388],[-73.3116,5.0432],[-73.308,5.0426],[-73.3005,5.0453],[-73.2969,5.0479],[-73.289,5.0479],[-73.2903,5.0434],[-73.2885,5.0346],[-73.2852,5.0336],[-73.2835,5.0294],[-73.2863,5.0233],[-73.2857,5.0197],[-73.282,5.0186],[-73.268,5.0329],[-73.2628,5.0405],[-73.2557,5.0457],[-73.2526,5.0548],[-73.2528,5.0583],[-73.2485,5.069],[-73.2437,5.0678],[-73.242,5.064],[-73.2349,5.0629],[-73.2315,5.0591],[-73.2323,5.0572],[-73.228,5.0493],[-73.2298,5.0416],[-73.2264,5.038],[-73.2296,5.0316],[-73.2257,5.0288],[-73.2232,5.0247],[-73.2221,5.019],[-73.2156,5.0179],[-73.2142,5.0151],[-73.216,5.0095],[-73.2129,5.0051],[-73.2138,5.0009],[-73.2124,4.9952],[-73.2158,4.994],[-73.2192,4.9884],[-73.2198,4.9824],[-73.2229,4.973],[-73.228,4.9635],[-73.2335,4.9574],[-73.2457,4.948],[-73.2501,4.9409],[-73.2633,4.9305],[-73.2655,4.9318],[-73.275,4.9309],[-73.2808,4.9284],[-73.2851,4.9202],[-73.2916,4.9141],[-73.2935,4.9091],[-73.299,4.903],[-73.3002,4.9085]]]}},{"type":"Feature","id":"15162","properties":{"codigo_municipio":"15162","nombre_dane":"Cerinza","lon_etiqueta":-72.9678,"lat_etiqueta":5.971},"geometry":{"type":"Polygon","coordinates":[[[-72.9277,5.9244],[-72.9329,5.9226],[-72.9377,5.9285],[-72.9423,5.9288],[-72.9465,5.9268],[-72.9501,5.929],[-72.9511,5.927],[-72.9549,5.9285],[-72.9598,5.9274],[-72.9633,5.9299],[-72.967,5.9266],[-72.9712,5.9263],[-72.9817,5.9287],[-72.9866,5.9314],[-72.9938,5.9334],[-72.9955,5.9358],[-73.0019,5.9391],[-73.0045,5.9441],[-73.0003,5.9484],[-73.0053,5.9589],[-73.0112,5.9631],[-73.0033,5.9726],[-72.9969,5.9848],[-72.9912,5.9881],[-72.9895,5.9954],[-72.983,6.01],[-72.9774,6.0113],[-72.9761,6.0169],[-72.9719,6.0174],[-72.97,6.0195],[-72.967,6.0143],[-72.9676,6.0103],[-72.9657,6.0075],[-72.958,6.0006],[-72.9581,5.9968],[-72.9522,5.9936],[-72.9474,5.9819],[-72.9433,5.9804],[-72.9397,5.9766],[-72.9368,5.9766],[-72.931,5.9714],[-72.9334,5.9691],[-72.9263,5.9641],[-72.9195,5.9573],[-72.9164,5.9554],[-72.9169,5.9494],[-72.9141,5.9449],[-72.9244,5.9311],[-72.9253,5.9286],[-72.9277,5.9244]]]}},{"type":"Feature","id":"15466","properties":{"codigo_municipio":"15466","nombre_dane":"Monguì","lon_etiqueta":-72.8356,"lat_etiqueta":5.6975},"geometry":{"type":"Polygon","coordinates":[[[-72.8231,5.7344],[-72.822,5.7233],[-72.8178,5.7235],[-72.8101,5.7186],[-72.8063,5.7138],[-72.8008,5.7133],[-72.7971,5.7109],[-72.7979,5.7064],[-72.7955,5.704],[-72.7983,5.6993],[-72.7988,5.694],[-72.7897,5.6879],[-72.7893,5.6835],[-72.7905,5.6733],[-72.7949,5.6651],[-72.7945,5.661],[-72.7912,5.6593],[-72.8036,5.6498],[-72.8119,5.6467],[-72.8134,5.6446],[-72.8185,5.6432],[-72.8248,5.646],[-72.8243,5.6539],[-72.8316,5.6548],[-72.8331,5.6537],[-72.8424,5.6636],[-72.8437,5.6675],[-72.849,5.6703],[-72.8521,5.6744],[-72.8535,5.6855],[-72.8571,5.6843],[-72.8602,5.6809],[-72.8618,5.6837],[-72.8705,5.689],[-72.8732,5.7014],[-72.8753,5.7054],[-72.8741,5.7113],[-72.8712,5.7175],[-72.8712,5.7218],[-72.8785,5.7262],[-72.8726,5.7325],[-72.8711,5.742],[-72.863,5.7497],[-72.8586,5.7513],[-72.8567,5.7499],[-72.8527,5.7519],[-72.8493,5.7406],[-72.8478,5.7388],[-72.8378,5.7405],[-72.8253,5.7367],[-72.8231,5.7344]]]}},{"type":"Feature","id":"15325","properties":{"codigo_municipio":"15325","nombre_dane":"Guayatá","lon_etiqueta":-73.5007,"lat_etiqueta":4.9377},"geometry":{"type":"Polygon","coordinates":[[[-73.4395,4.899],[-73.4394,4.8952],[-73.4464,4.8898],[-73.4515,4.883],[-73.4594,4.8867],[-73.4658,4.8913],[-73.4696,4.8927],[-73.4723,4.8903],[-73.4799,4.89],[-73.4867,4.8908],[-73.4941,4.884],[-73.5026,4.8835],[-73.5099,4.8794],[-73.5209,4.879],[-73.5246,4.8923],[-73.5283,4.8933],[-73.5327,4.8912],[-73.5387,4.8966],[-73.5418,4.9077],[-73.5412,4.9112],[-73.5446,4.9173],[-73.5468,4.9236],[-73.5488,4.9251],[-73.5468,4.9305],[-73.5443,4.9451],[-73.5408,4.9498],[-73.5328,4.9549],[-73.5303,4.9619],[-73.528,4.9646],[-73.5284,4.9679],[-73.5187,4.9794],[-73.5173,4.9903],[-73.5101,4.9928],[-73.507,4.9964],[-73.5007,4.9925],[-73.4979,4.9876],[-73.4941,4.9885],[-73.4881,4.9854],[-73.486,4.9866],[-73.4779,4.9867],[-73.475,4.9834],[-73.4659,4.9829],[-73.4699,4.9804],[-73.4717,4.9696],[-73.4659,4.9649],[-73.4619,4.9563],[-73.4669,4.9442],[-73.4635,4.94],[-73.4586,4.9405],[-73.4508,4.9346],[-73.4508,4.9286],[-73.4494,4.9219],[-73.4478,4.9214],[-73.4499,4.9151],[-73.4505,4.9092],[-73.4476,4.9097],[-73.4392,4.9072],[-73.4375,4.9063],[-73.4395,4.899]]]}},{"type":"Feature","id":"15442","properties":{"codigo_municipio":"15442","nombre_dane":"Maripí","lon_etiqueta":-74.0209,"lat_etiqueta":5.5731},"geometry":{"type":"Polygon","coordinates":[[[-73.9977,5.5282],[-74.0034,5.5287],[-74.0083,5.5265],[-74.0133,5.5268],[-74.0185,5.5239],[-74.021,5.5201],[-74.022,5.5092],[-74.0265,5.5031],[-74.032,5.5005],[-74.0337,5.4968],[-74.0372,5.4996],[-74.0426,5.498],[-74.0445,5.5012],[-74.047,5.5003],[-74.0512,5.5031],[-74.0534,5.5081],[-74.0539,5.5142],[-74.0567,5.5191],[-74.0547,5.523],[-74.0616,5.5259],[-74.0597,5.5302],[-74.0755,5.5389],[-74.0749,5.5433],[-74.0789,5.5526],[-74.0794,5.5602],[-74.0851,5.5674],[-74.0892,5.568],[-74.0925,5.5711],[-74.0917,5.5778],[-74.0953,5.5845],[-74.0902,5.588],[-74.0927,5.5909],[-74.0903,5.5926],[-74.0916,5.5975],[-74.0877,5.5972],[-74.0886,5.6032],[-74.0873,5.6086],[-74.0723,5.6242],[-74.0698,5.6297],[-74.065,5.6345],[-74.0659,5.6409],[-74.0607,5.6492],[-74.0558,5.6495],[-74.0526,5.6448],[-74.0545,5.642],[-74.0503,5.6396],[-74.0496,5.6359],[-74.0452,5.6332],[-74.0396,5.6358],[-74.0359,5.6419],[-74.0322,5.6364],[-74.0301,5.6372],[-74.0274,5.6322],[-74.0287,5.6255],[-74.027,5.6218],[-74.0288,5.6141],[-74.0286,5.6045],[-74.0263,5.6015],[-74.0216,5.6017],[-74.0169,5.6038],[-74.0154,5.6008],[-74.0108,5.6028],[-74.0065,5.6018],[-74.002,5.609],[-73.9984,5.6116],[-73.9954,5.6081],[-73.9893,5.6064],[-73.9847,5.6032],[-73.9797,5.5956],[-73.9766,5.5951],[-73.9686,5.5977],[-73.9558,5.5923],[-73.9569,5.5893],[-73.9468,5.5832],[-73.95,5.5797],[-73.9496,5.5732],[-73.9518,5.5719],[-73.9489,5.5659],[-73.9402,5.5667],[-73.9352,5.5701],[-73.9324,5.5702],[-73.9259,5.574],[-73.9251,5.5657],[-73.9233,5.5626],[-73.9131,5.5559],[-73.91,5.5525],[-73.9113,5.5499],[-73.9168,5.5488],[-73.9203,5.5433],[-73.9308,5.546],[-73.9413,5.5405],[-73.9513,5.54],[-73.9599,5.5426],[-73.9628,5.5403],[-73.9701,5.5265],[-73.975,5.5304],[-73.9771,5.5282],[-73.9843,5.5279],[-73.9903,5.5252],[-73.9977,5.5282]]]}},{"type":"Feature","id":"15537","properties":{"codigo_municipio":"15537","nombre_dane":"Paz De Río","lon_etiqueta":-72.7637,"lat_etiqueta":6.0272},"geometry":{"type":"Polygon","coordinates":[[[-72.7045,6.0087],[-72.7132,6.0021],[-72.7178,5.9969],[-72.7239,5.9962],[-72.7268,5.9933],[-72.7375,5.9918],[-72.7431,5.9879],[-72.7459,5.9847],[-72.7512,5.982],[-72.7554,5.9818],[-72.7626,5.9755],[-72.7686,5.9656],[-72.778,5.9577],[-72.7792,5.9545],[-72.7847,5.9575],[-72.7946,5.9643],[-72.8036,5.9652],[-72.8122,5.9643],[-72.8154,5.9654],[-72.818,5.973],[-72.8183,5.978],[-72.8134,5.9797],[-72.8098,5.9864],[-72.7964,5.9948],[-72.7914,6.0065],[-72.7961,6.0155],[-72.7981,6.017],[-72.8039,6.0167],[-72.8083,6.0199],[-72.8084,6.0223],[-72.8124,6.0232],[-72.8139,6.0259],[-72.8123,6.0299],[-72.8133,6.0374],[-72.8152,6.0404],[-72.8133,6.0464],[-72.8114,6.0476],[-72.8104,6.0566],[-72.8126,6.0705],[-72.8123,6.0756],[-72.8142,6.082],[-72.8104,6.0952],[-72.8065,6.0941],[-72.8041,6.0908],[-72.7999,6.0917],[-72.7978,6.0968],[-72.7949,6.1],[-72.7878,6.0937],[-72.7832,6.0924],[-72.7792,6.0861],[-72.7712,6.082],[-72.7582,6.082],[-72.7501,6.0777],[-72.7441,6.0766],[-72.7395,6.0736],[-72.739,6.0712],[-72.7349,6.071],[-72.7321,6.0689],[-72.7247,6.068],[-72.7191,6.0656],[-72.7165,6.0628],[-72.715,6.058],[-72.7168,6.0531],[-72.7155,6.0471],[-72.7181,6.0444],[-72.7198,6.0354],[-72.718,6.0333],[-72.7197,6.0278],[-72.7148,6.0273],[-72.7113,6.0231],[-72.7044,6.0183],[-72.7016,6.0183],[-72.7045,6.0087]]]}},{"type":"Feature","id":"15189","properties":{"codigo_municipio":"15189","nombre_dane":"Ciénega","lon_etiqueta":-73.2748,"lat_etiqueta":5.3998},"geometry":{"type":"Polygon","coordinates":[[[-73.2256,5.4039],[-73.2269,5.4],[-73.2341,5.3978],[-73.2316,5.3938],[-73.2348,5.3897],[-73.2381,5.3895],[-73.237,5.3865],[-73.2417,5.3816],[-73.243,5.3767],[-73.2526,5.3682],[-73.2558,5.3691],[-73.2594,5.3674],[-73.2754,5.3549],[-73.2796,5.3538],[-73.2856,5.3497],[-73.2912,5.3594],[-73.2984,5.3622],[-73.2993,5.3658],[-73.3093,5.3743],[-73.3169,5.3873],[-73.3226,5.392],[-73.3224,5.3963],[-73.319,5.4066],[-73.3231,5.4134],[-73.3301,5.4144],[-73.3265,5.4217],[-73.3225,5.4261],[-73.3215,5.4314],[-73.3172,5.4372],[-73.3152,5.4433],[-73.3144,5.45],[-73.3087,5.4459],[-73.3061,5.4406],[-73.3091,5.4385],[-73.3111,5.4327],[-73.3186,5.4262],[-73.3149,5.4222],[-73.3122,5.4237],[-73.3022,5.4222],[-73.2972,5.4188],[-73.2905,5.4186],[-73.2862,5.4171],[-73.2828,5.4191],[-73.2763,5.4169],[-73.2736,5.4121],[-73.2681,5.4126],[-73.2631,5.4088],[-73.2569,5.4068],[-73.2514,5.4084],[-73.2398,5.4085],[-73.236,5.4071],[-73.2283,5.4078],[-73.222,5.4069],[-73.2256,5.4039]]]}},{"type":"Feature","id":"15696","properties":{"codigo_municipio":"15696","nombre_dane":"Santa Sofía","lon_etiqueta":-73.6056,"lat_etiqueta":5.7354},"geometry":{"type":"Polygon","coordinates":[[[-73.5811,5.7848],[-73.5781,5.7854],[-73.5709,5.7804],[-73.5672,5.7753],[-73.5701,5.7735],[-73.5762,5.7742],[-73.5788,5.7767],[-73.5792,5.7717],[-73.5814,5.7726],[-73.5809,5.7615],[-73.5798,5.7519],[-73.5812,5.7486],[-73.5791,5.7452],[-73.5718,5.7401],[-73.5755,5.7347],[-73.572,5.7306],[-73.5735,5.7254],[-73.568,5.724],[-73.5684,5.7202],[-73.5668,5.7134],[-73.5647,5.7102],[-73.5741,5.692],[-73.5761,5.6926],[-73.5755,5.6862],[-73.5779,5.6791],[-73.5778,5.6752],[-73.5806,5.6769],[-73.588,5.6767],[-73.5938,5.6806],[-73.6031,5.6809],[-73.613,5.6856],[-73.6144,5.6849],[-73.6209,5.6883],[-73.6222,5.6943],[-73.6263,5.6951],[-73.6324,5.6934],[-73.6376,5.6989],[-73.6436,5.6983],[-73.6532,5.7025],[-73.6518,5.7124],[-73.6468,5.7133],[-73.6388,5.7241],[-73.636,5.738],[-73.6315,5.7409],[-73.6295,5.7475],[-73.6301,5.7514],[-73.6289,5.7625],[-73.6261,5.7684],[-73.6262,5.7786],[-73.6188,5.7825],[-73.6161,5.7819],[-73.6074,5.7875],[-73.6034,5.7891],[-73.5951,5.795],[-73.5884,5.7941],[-73.5882,5.7923],[-73.5824,5.7901],[-73.5811,5.7848]]]}},{"type":"Feature","id":"15816","properties":{"codigo_municipio":"15816","nombre_dane":"Togüí","lon_etiqueta":-73.4912,"lat_etiqueta":5.9177},"geometry":{"type":"Polygon","coordinates":[[[-73.4877,5.9836],[-73.4818,5.9802],[-73.4785,5.9802],[-73.4691,5.9743],[-73.4659,5.9703],[-73.4654,5.9629],[-73.4638,5.9601],[-73.4552,5.9538],[-73.4534,5.9479],[-73.4553,5.9425],[-73.4609,5.9325],[-73.4335,5.9],[-73.4338,5.8983],[-73.4393,5.8985],[-73.4445,5.902],[-73.4567,5.8899],[-73.4537,5.8873],[-73.4489,5.8798],[-73.4511,5.8742],[-73.4512,5.8667],[-73.4558,5.861],[-73.4588,5.8524],[-73.4637,5.8484],[-73.4667,5.8524],[-73.4735,5.8571],[-73.4789,5.8588],[-73.4919,5.8718],[-73.4976,5.8712],[-73.504,5.8757],[-73.5054,5.8787],[-73.5039,5.8816],[-73.5075,5.8834],[-73.507,5.8915],[-73.5092,5.8889],[-73.5123,5.8943],[-73.5219,5.8922],[-73.5245,5.8934],[-73.5266,5.8992],[-73.5306,5.9018],[-73.538,5.91],[-73.5424,5.9121],[-73.543,5.9144],[-73.5375,5.9155],[-73.5331,5.9179],[-73.5284,5.9238],[-73.5282,5.9309],[-73.5269,5.9345],[-73.5302,5.9378],[-73.528,5.941],[-73.538,5.9486],[-73.5499,5.9507],[-73.5448,5.9557],[-73.5328,5.9607],[-73.5194,5.9721],[-73.5134,5.9716],[-73.5102,5.975],[-73.504,5.9783],[-73.5017,5.9822],[-73.496,5.9869],[-73.4877,5.9836]]]}},{"type":"Feature","id":"15808","properties":{"codigo_municipio":"15808","nombre_dane":"Tinjacá","lon_etiqueta":-73.6707,"lat_etiqueta":5.5806},"geometry":{"type":"Polygon","coordinates":[[[-73.628,5.5694],[-73.6317,5.5644],[-73.6365,5.5633],[-73.6392,5.5579],[-73.645,5.552],[-73.6537,5.551],[-73.6646,5.5384],[-73.672,5.5403],[-73.6783,5.5456],[-73.6785,5.5419],[-73.6837,5.5353],[-73.6907,5.529],[-73.6928,5.5252],[-73.6982,5.5251],[-73.7043,5.5273],[-73.7075,5.531],[-73.7056,5.5344],[-73.7093,5.5357],[-73.7166,5.5349],[-73.7199,5.537],[-73.7216,5.547],[-73.7218,5.5532],[-73.7188,5.5632],[-73.7131,5.5778],[-73.7129,5.5852],[-73.7161,5.5902],[-73.7173,5.5952],[-73.7055,5.6055],[-73.7032,5.6095],[-73.6944,5.6185],[-73.6916,5.6242],[-73.6874,5.6275],[-73.6861,5.6296],[-73.6808,5.6366],[-73.6772,5.6275],[-73.6741,5.6237],[-73.6714,5.6179],[-73.6739,5.6162],[-73.6703,5.6113],[-73.6665,5.6096],[-73.6648,5.6117],[-73.6544,5.6094],[-73.6451,5.614],[-73.6436,5.6175],[-73.6416,5.6157],[-73.6371,5.6162],[-73.6326,5.6143],[-73.6314,5.6087],[-73.6289,5.6044],[-73.6252,5.6031],[-73.6265,5.5914],[-73.6292,5.5846],[-73.6266,5.5779],[-73.6264,5.5712],[-73.6246,5.5698],[-73.628,5.5694]]]}},{"type":"Feature","id":"15778","properties":{"codigo_municipio":"15778","nombre_dane":"Sutatenza","lon_etiqueta":-73.4299,"lat_etiqueta":5.0253},"geometry":{"type":"Polygon","coordinates":[[[-73.3927,5.0446],[-73.3947,5.0387],[-73.3946,5.0346],[-73.3912,5.0278],[-73.3913,5.0233],[-73.3886,5.0153],[-73.4001,5.007],[-73.4228,5.0081],[-73.4258,5.0098],[-73.437,5.0033],[-73.4392,4.9978],[-73.4451,4.9942],[-73.4471,4.9947],[-73.4472,4.9981],[-73.4498,5.0005],[-73.4547,5.0014],[-73.4557,5.0034],[-73.4592,4.9999],[-73.4631,5.0065],[-73.4633,5.0107],[-73.4664,5.0177],[-73.4667,5.0226],[-73.4716,5.0282],[-73.4783,5.0317],[-73.4832,5.0358],[-73.4801,5.0404],[-73.478,5.0493],[-73.4736,5.0515],[-73.465,5.0492],[-73.4554,5.0495],[-73.4493,5.0456],[-73.4484,5.0399],[-73.4436,5.04],[-73.4361,5.037],[-73.4277,5.038],[-73.4236,5.0469],[-73.4242,5.0496],[-73.419,5.0563],[-73.4086,5.0504],[-73.4057,5.0468],[-73.4011,5.0501],[-73.3938,5.048],[-73.3927,5.0446]]]}},{"type":"Feature","id":"15476","properties":{"codigo_municipio":"15476","nombre_dane":"Motavita","lon_etiqueta":-73.3828,"lat_etiqueta":5.6142},"geometry":{"type":"Polygon","coordinates":[[[-73.3608,5.6606],[-73.3607,5.6527],[-73.3625,5.6448],[-73.365,5.6426],[-73.3631,5.6293],[-73.3594,5.6305],[-73.3576,5.6253],[-73.3606,5.6218],[-73.3554,5.6137],[-73.3516,5.612],[-73.3445,5.6047],[-73.343,5.5939],[-73.3398,5.5879],[-73.3413,5.5841],[-73.3456,5.5768],[-73.3495,5.5772],[-73.3561,5.5726],[-73.3571,5.5676],[-73.3615,5.559],[-73.362,5.5559],[-73.3656,5.5591],[-73.371,5.5581],[-73.3789,5.5583],[-73.3851,5.5616],[-73.3911,5.5574],[-73.3972,5.5608],[-73.4,5.5595],[-73.412,5.5669],[-73.4085,5.5736],[-73.401,5.5818],[-73.3953,5.5868],[-73.3955,5.5893],[-73.3995,5.5942],[-73.4022,5.6013],[-73.4065,5.6087],[-73.4067,5.6125],[-73.4111,5.617],[-73.4054,5.6249],[-73.4058,5.6298],[-73.3992,5.6382],[-73.3958,5.6397],[-73.3901,5.6458],[-73.39,5.6504],[-73.3836,5.6562],[-73.3818,5.6609],[-73.3831,5.6653],[-73.3818,5.6726],[-73.3696,5.6685],[-73.3631,5.6645],[-73.3608,5.6606]]]}},{"type":"Feature","id":"15296","properties":{"codigo_municipio":"15296","nombre_dane":"Gameza","lon_etiqueta":-72.749,"lat_etiqueta":5.8102},"geometry":{"type":"Polygon","coordinates":[[[-72.8357,5.8069],[-72.829,5.807],[-72.8248,5.8094],[-72.8243,5.8143],[-72.8213,5.8209],[-72.8116,5.8305],[-72.8038,5.833],[-72.8016,5.8381],[-72.8029,5.8396],[-72.801,5.8482],[-72.7977,5.8511],[-72.7981,5.8539],[-72.7934,5.8528],[-72.7858,5.8449],[-72.7798,5.8455],[-72.7764,5.8478],[-72.7715,5.8441],[-72.77,5.8405],[-72.759,5.8312],[-72.7574,5.8277],[-72.7527,5.8252],[-72.7492,5.8151],[-72.7444,5.8194],[-72.7292,5.8252],[-72.725,5.8253],[-72.7162,5.8281],[-72.7016,5.8358],[-72.6867,5.8319],[-72.6858,5.8222],[-72.6885,5.8173],[-72.6699,5.809],[-72.6649,5.8085],[-72.6546,5.8117],[-72.6524,5.8145],[-72.6393,5.8166],[-72.6384,5.8224],[-72.6341,5.8281],[-72.6317,5.8291],[-72.6296,5.8275],[-72.6264,5.8202],[-72.6236,5.8168],[-72.6248,5.8102],[-72.6252,5.8014],[-72.6248,5.7829],[-72.626,5.7769],[-72.6309,5.7788],[-72.6339,5.7816],[-72.6413,5.7833],[-72.6476,5.7835],[-72.655,5.7878],[-72.6574,5.7825],[-72.6612,5.7852],[-72.6689,5.7807],[-72.6762,5.7839],[-72.6842,5.7833],[-72.7012,5.7733],[-72.7087,5.7721],[-72.7134,5.7733],[-72.7192,5.7712],[-72.728,5.7733],[-72.7325,5.7723],[-72.7356,5.7737],[-72.749,5.772],[-72.7553,5.7686],[-72.7665,5.7665],[-72.7695,5.7671],[-72.7735,5.7731],[-72.7753,5.7703],[-72.7825,5.7672],[-72.791,5.7735],[-72.7963,5.7724],[-72.8002,5.7763],[-72.8016,5.7809],[-72.8057,5.7842],[-72.806,5.7867],[-72.8126,5.7887],[-72.8195,5.7934],[-72.8321,5.7977],[-72.8357,5.8069]]]}},{"type":"Feature","id":"15180","properties":{"codigo_municipio":"15180","nombre_dane":"Chiscas","lon_etiqueta":-72.4093,"lat_etiqueta":6.6737},"geometry":{"type":"Polygon","coordinates":[[[-72.4725,6.8457],[-72.4688,6.846],[-72.4628,6.8439],[-72.4559,6.8508],[-72.4459,6.851],[-72.4406,6.8486],[-72.43,6.8454],[-72.4235,6.849],[-72.4199,6.8458],[-72.4138,6.8439],[-72.4099,6.8404],[-72.3991,6.8425],[-72.3962,6.8404],[-72.3901,6.839],[-72.3811,6.8414],[-72.3743,6.8392],[-72.3682,6.842],[-72.3639,6.8416],[-72.3606,6.844],[-72.3584,6.8487],[-72.351,6.8499],[-72.3446,6.8488],[-72.3405,6.8462],[-72.3412,6.8375],[-72.3409,6.83],[-72.338,6.8243],[-72.3333,6.8238],[-72.3282,6.8178],[-72.3184,6.8158],[-72.3133,6.8061],[-72.3114,6.7982],[-72.3084,6.7925],[-72.2966,6.7851],[-72.2925,6.7618],[-72.3004,6.7618],[-72.307,6.7589],[-72.302,6.7541],[-72.2996,6.75],[-72.299,6.7419],[-72.2967,6.7372],[-72.2974,6.7311],[-72.2958,6.7267],[-72.2995,6.7165],[-72.3016,6.7093],[-72.3023,6.6976],[-72.3063,6.6876],[-72.3198,6.6826],[-72.3247,6.6786],[-72.3351,6.6717],[-72.3379,6.6687],[-72.3414,6.6619],[-72.3423,6.647],[-72.3449,6.6365],[-72.3464,6.6339],[-72.3554,6.6277],[-72.3632,6.6208],[-72.3748,6.6155],[-72.3854,6.6149],[-72.3863,6.6095],[-72.3787,6.5994],[-72.3777,6.5932],[-72.3738,6.5867],[-72.366,6.5794],[-72.3597,6.57],[-72.3582,6.5659],[-72.356,6.5537],[-72.365,6.5514],[-72.3713,6.5511],[-72.3809,6.5531],[-72.383,6.5518],[-72.3813,6.544],[-72.3835,6.5369],[-72.3837,6.5285],[-72.3886,6.5269],[-72.392,6.5307],[-72.3945,6.5298],[-72.397,6.5245],[-72.4038,6.5136],[-72.4089,6.5179],[-72.4107,6.5158],[-72.4144,6.5183],[-72.4213,6.5195],[-72.4241,6.5228],[-72.4301,6.5235],[-72.4399,6.5293],[-72.4442,6.534],[-72.4463,6.5388],[-72.4542,6.5393],[-72.4596,6.5485],[-72.463,6.5494],[-72.4682,6.5475],[-72.4733,6.5475],[-72.4769,6.5498],[-72.4842,6.5492],[-72.49,6.5436],[-72.498,6.5397],[-72.5019,6.5391],[-72.5055,6.5351],[-72.5063,6.5297],[-72.5145,6.5223],[-72.5197,6.5141],[-72.5343,6.5026],[-72.5344,6.4961],[-72.5434,6.5016],[-72.545,6.5042],[-72.5446,6.514],[-72.5461,6.5183],[-72.5495,6.5215],[-72.5473,6.5272],[-72.5432,6.5313],[-72.5431,6.534],[-72.5363,6.5404],[-72.5373,6.5541],[-72.5405,6.56],[-72.5446,6.5637],[-72.5459,6.5672],[-72.5433,6.5736],[-72.5427,6.5828],[-72.5377,6.5887],[-72.527,6.5916],[-72.5255,6.5974],[-72.5205,6.6043],[-72.52,6.6173],[-72.5135,6.6274],[-72.5065,6.6316],[-72.497,6.6339],[-72.4984,6.6396],[-72.4916,6.6456],[-72.4925,6.6506],[-72.4862,6.6545],[-72.4855,6.6571],[-72.4865,6.6701],[-72.4855,6.6719],[-72.491,6.6812],[-72.4849,6.6953],[-72.4847,6.7026],[-72.4872,6.7062],[-72.488,6.7162],[-72.4973,6.7243],[-72.4989,6.7283],[-72.4988,6.7346],[-72.4917,6.7376],[-72.4876,6.7436],[-72.4898,6.7514],[-72.4909,6.7596],[-72.4954,6.7637],[-72.4985,6.7643],[-72.4966,6.7729],[-72.4955,6.7829],[-72.4967,6.7862],[-72.4958,6.7904],[-72.4983,6.7927],[-72.4982,6.7984],[-72.492,6.8024],[-72.4883,6.8073],[-72.484,6.8081],[-72.4825,6.8117],[-72.4844,6.8177],[-72.4836,6.8215],[-72.4778,6.8355],[-72.4771,6.8422],[-72.4725,6.8457]]]}},{"type":"Feature","id":"15673","properties":{"codigo_municipio":"15673","nombre_dane":"San Mateo","lon_etiqueta":-72.5751,"lat_etiqueta":6.4153},"geometry":{"type":"Polygon","coordinates":[[[-72.4849,6.3869],[-72.4813,6.3769],[-72.4779,6.3741],[-72.4861,6.3716],[-72.4908,6.3692],[-72.5025,6.3673],[-72.5087,6.3699],[-72.508,6.3662],[-72.5107,6.3568],[-72.5142,6.3542],[-72.5177,6.3492],[-72.5224,6.3506],[-72.5321,6.35],[-72.5402,6.3531],[-72.5474,6.3511],[-72.5587,6.3507],[-72.5614,6.349],[-72.5647,6.3437],[-72.5666,6.3493],[-72.5758,6.3506],[-72.5767,6.3538],[-72.5858,6.3582],[-72.588,6.3607],[-72.5919,6.3732],[-72.5971,6.3793],[-72.5977,6.383],[-72.5972,6.3924],[-72.5949,6.3946],[-72.5996,6.401],[-72.6027,6.4108],[-72.6091,6.4087],[-72.615,6.4128],[-72.6215,6.4125],[-72.6258,6.4231],[-72.6236,6.4317],[-72.6245,6.437],[-72.6234,6.4407],[-72.6138,6.445],[-72.6027,6.4516],[-72.6015,6.459],[-72.5955,6.4629],[-72.5925,6.4635],[-72.5878,6.4722],[-72.583,6.4764],[-72.5721,6.4788],[-72.5681,6.4836],[-72.5563,6.4867],[-72.5483,6.4871],[-72.5474,6.4794],[-72.5499,6.4731],[-72.5534,6.4688],[-72.5532,6.4606],[-72.5565,6.4452],[-72.5522,6.4401],[-72.5481,6.4291],[-72.5479,6.4256],[-72.543,6.4253],[-72.5314,6.4201],[-72.5242,6.411],[-72.5173,6.4103],[-72.5111,6.4029],[-72.5025,6.3977],[-72.5006,6.3982],[-72.501,6.4028],[-72.4968,6.4008],[-72.492,6.3983],[-72.49,6.3946],[-72.4855,6.3908],[-72.4849,6.3869]]]}},{"type":"Feature","id":"15276","properties":{"codigo_municipio":"15276","nombre_dane":"Floresta","lon_etiqueta":-72.9324,"lat_etiqueta":5.8621},"geometry":{"type":"Polygon","coordinates":[[[-72.8976,5.8077],[-72.8961,5.8052],[-72.8962,5.7953],[-72.9018,5.801],[-72.9075,5.8009],[-72.9128,5.7977],[-72.9174,5.8003],[-72.9268,5.801],[-72.9334,5.7988],[-72.9366,5.8],[-72.938,5.8031],[-72.943,5.8042],[-72.9432,5.8066],[-72.9451,5.8109],[-72.9467,5.821],[-72.9487,5.8237],[-72.9483,5.8273],[-72.9521,5.8304],[-72.9597,5.8395],[-72.9625,5.8406],[-72.9673,5.8465],[-72.9713,5.8487],[-72.9758,5.8585],[-72.9603,5.8773],[-72.959,5.8827],[-72.9551,5.8886],[-72.9522,5.8885],[-72.9497,5.8924],[-72.9509,5.898],[-72.9484,5.9045],[-72.9402,5.9118],[-72.934,5.9105],[-72.9309,5.9119],[-72.9308,5.9216],[-72.9277,5.9244],[-72.9253,5.9286],[-72.9176,5.918],[-72.9092,5.9165],[-72.9061,5.9129],[-72.9071,5.9061],[-72.9038,5.8992],[-72.8975,5.8937],[-72.8939,5.8871],[-72.8899,5.8849],[-72.8872,5.8861],[-72.8774,5.8861],[-72.872,5.8836],[-72.8725,5.8747],[-72.8735,5.8734],[-72.8839,5.8687],[-72.8912,5.8665],[-72.8919,5.8596],[-72.8948,5.8542],[-72.8933,5.8457],[-72.8992,5.8367],[-72.8958,5.8235],[-72.8978,5.8166],[-72.8963,5.8121],[-72.8976,5.8077]]]}},{"type":"Feature","id":"15464","properties":{"codigo_municipio":"15464","nombre_dane":"Mongua","lon_etiqueta":-72.6857,"lat_etiqueta":5.6983},"geometry":{"type":"Polygon","coordinates":[[[-72.791,5.7735],[-72.7825,5.7672],[-72.7753,5.7703],[-72.7735,5.7731],[-72.7695,5.7671],[-72.7665,5.7665],[-72.7553,5.7686],[-72.749,5.772],[-72.7356,5.7737],[-72.7325,5.7723],[-72.728,5.7733],[-72.7192,5.7712],[-72.7134,5.7733],[-72.7087,5.7721],[-72.7012,5.7733],[-72.6842,5.7833],[-72.6762,5.7839],[-72.6689,5.7807],[-72.6612,5.7852],[-72.6574,5.7825],[-72.655,5.7878],[-72.6476,5.7835],[-72.6413,5.7833],[-72.6339,5.7816],[-72.6309,5.7788],[-72.626,5.7769],[-72.6295,5.7645],[-72.6245,5.7671],[-72.6212,5.7737],[-72.6182,5.7716],[-72.6094,5.772],[-72.6047,5.7758],[-72.5921,5.7733],[-72.588,5.7735],[-72.5836,5.7711],[-72.5814,5.7636],[-72.5825,5.7588],[-72.5802,5.7543],[-72.5824,5.7498],[-72.581,5.7417],[-72.5772,5.7388],[-72.577,5.7308],[-72.5786,5.7204],[-72.5812,5.7086],[-72.5785,5.7078],[-72.5703,5.7093],[-72.5727,5.696],[-72.5743,5.6922],[-72.5739,5.6863],[-72.5801,5.6805],[-72.5847,5.6657],[-72.584,5.6608],[-72.5893,5.6579],[-72.5891,5.6554],[-72.5942,5.6498],[-72.5983,5.6481],[-72.5983,5.6437],[-72.5952,5.6405],[-72.599,5.6342],[-72.5991,5.6282],[-72.602,5.6262],[-72.6,5.6222],[-72.6048,5.6206],[-72.6031,5.624],[-72.6054,5.63],[-72.6116,5.6311],[-72.6131,5.6298],[-72.6242,5.6291],[-72.6298,5.6306],[-72.6289,5.6359],[-72.6339,5.6399],[-72.6354,5.6453],[-72.6377,5.6461],[-72.6503,5.6578],[-72.6566,5.6608],[-72.6604,5.6667],[-72.6734,5.6683],[-72.676,5.6721],[-72.6799,5.6735],[-72.6851,5.673],[-72.6965,5.6737],[-72.6992,5.6766],[-72.6979,5.6663],[-72.6957,5.663],[-72.6995,5.6508],[-72.6982,5.6447],[-72.7007,5.6383],[-72.7098,5.6295],[-72.7101,5.6256],[-72.7133,5.625],[-72.7166,5.625],[-72.7229,5.621],[-72.7243,5.6187],[-72.7317,5.6173],[-72.7373,5.6129],[-72.7401,5.609],[-72.7432,5.6096],[-72.7473,5.6175],[-72.746,5.6267],[-72.7471,5.6295],[-72.7519,5.6308],[-72.7531,5.6378],[-72.7547,5.639],[-72.7618,5.6384],[-72.7631,5.6447],[-72.7708,5.6436],[-72.7733,5.6475],[-72.7872,5.6579],[-72.7912,5.6593],[-72.7945,5.661],[-72.7949,5.6651],[-72.7905,5.6733],[-72.7893,5.6835],[-72.7897,5.6879],[-72.7988,5.694],[-72.7983,5.6993],[-72.7955,5.704],[-72.7979,5.7064],[-72.7971,5.7109],[-72.8008,5.7133],[-72.8063,5.7138],[-72.8101,5.7186],[-72.8178,5.7235],[-72.822,5.7233],[-72.8231,5.7344],[-72.8253,5.7367],[-72.8213,5.7456],[-72.8199,5.7517],[-72.8158,5.7505],[-72.8123,5.7568],[-72.8049,5.7632],[-72.7963,5.7724],[-72.791,5.7735]]]}},{"type":"Feature","id":"15172","properties":{"codigo_municipio":"15172","nombre_dane":"Chinavita","lon_etiqueta":-73.3399,"lat_etiqueta":5.2097},"geometry":{"type":"Polygon","coordinates":[[[-73.2786,5.1603],[-73.2853,5.162],[-73.2915,5.1577],[-73.2984,5.1548],[-73.3052,5.1547],[-73.3156,5.1521],[-73.3187,5.1504],[-73.3261,5.1493],[-73.3335,5.1468],[-73.3429,5.1418],[-73.349,5.1399],[-73.3597,5.1405],[-73.364,5.1368],[-73.3695,5.1448],[-73.3698,5.1497],[-73.3722,5.1552],[-73.3765,5.1553],[-73.3801,5.1604],[-73.3858,5.1633],[-73.384,5.1663],[-73.3854,5.183],[-73.3808,5.1902],[-73.3808,5.1968],[-73.3851,5.2016],[-73.3881,5.2101],[-73.3869,5.2144],[-73.3924,5.2168],[-73.3925,5.2191],[-73.398,5.2263],[-73.4009,5.2272],[-73.4041,5.2311],[-73.4013,5.2427],[-73.3964,5.2458],[-73.3918,5.2514],[-73.3782,5.2625],[-73.3732,5.2629],[-73.3694,5.2657],[-73.3642,5.2659],[-73.3591,5.2706],[-73.3577,5.2778],[-73.3474,5.2825],[-73.3422,5.2818],[-73.3371,5.2783],[-73.3296,5.2617],[-73.3205,5.248],[-73.3202,5.2418],[-73.3247,5.2388],[-73.3203,5.2355],[-73.3197,5.2311],[-73.3123,5.2277],[-73.3096,5.2276],[-73.3035,5.2174],[-73.3003,5.2164],[-73.2946,5.2106],[-73.2891,5.2076],[-73.2835,5.2067],[-73.2912,5.2006],[-73.2957,5.1983],[-73.292,5.1961],[-73.2846,5.1882],[-73.2802,5.1862],[-73.2705,5.1767],[-73.2581,5.1725],[-73.2564,5.1654],[-73.2572,5.1616],[-73.2606,5.1568],[-73.2678,5.1554],[-73.2786,5.1603]]]}},{"type":"Feature","id":"15244","properties":{"codigo_municipio":"15244","nombre_dane":"El Cocuy","lon_etiqueta":-72.4149,"lat_etiqueta":6.3552},"geometry":{"type":"Polygon","coordinates":[[[-72.3994,6.2705],[-72.4043,6.2731],[-72.4128,6.2745],[-72.4204,6.2787],[-72.4254,6.2789],[-72.4328,6.2849],[-72.4357,6.2861],[-72.4397,6.2827],[-72.4441,6.2864],[-72.4493,6.295],[-72.4536,6.2996],[-72.4524,6.304],[-72.4644,6.304],[-72.4728,6.3059],[-72.4835,6.3026],[-72.4876,6.2986],[-72.4882,6.2956],[-72.4958,6.2908],[-72.4961,6.2872],[-72.4988,6.2924],[-72.4985,6.2968],[-72.5006,6.3017],[-72.5007,6.3057],[-72.5042,6.3089],[-72.5105,6.3112],[-72.5097,6.3152],[-72.5118,6.3216],[-72.5111,6.3256],[-72.5126,6.3285],[-72.5105,6.3327],[-72.5131,6.3353],[-72.5163,6.3466],[-72.5177,6.3492],[-72.5142,6.3542],[-72.5107,6.3568],[-72.508,6.3662],[-72.5087,6.3699],[-72.5025,6.3673],[-72.4908,6.3692],[-72.4861,6.3716],[-72.4779,6.3741],[-72.4813,6.3769],[-72.4849,6.3869],[-72.4855,6.3908],[-72.4812,6.3941],[-72.4771,6.3914],[-72.4711,6.3956],[-72.4696,6.4024],[-72.4666,6.4082],[-72.4627,6.4099],[-72.456,6.4163],[-72.4588,6.4218],[-72.448,6.4234],[-72.443,6.4299],[-72.4309,6.44],[-72.4283,6.4356],[-72.4284,6.4319],[-72.4241,6.4248],[-72.4201,6.4221],[-72.417,6.4221],[-72.411,6.4177],[-72.4065,6.417],[-72.4001,6.4134],[-72.3972,6.4165],[-72.3922,6.4162],[-72.3915,6.4183],[-72.3841,6.4157],[-72.383,6.4095],[-72.3766,6.4083],[-72.3731,6.4041],[-72.3628,6.4021],[-72.3386,6.4038],[-72.3338,6.4046],[-72.3312,6.4007],[-72.3311,6.3938],[-72.3267,6.3855],[-72.3242,6.3767],[-72.3202,6.3708],[-72.321,6.3655],[-72.3158,6.3611],[-72.3149,6.358],[-72.3165,6.3555],[-72.3153,6.3442],[-72.3184,6.3398],[-72.3171,6.3347],[-72.3231,6.3324],[-72.3256,6.3357],[-72.334,6.3378],[-72.3385,6.3456],[-72.3519,6.3447],[-72.3564,6.3403],[-72.3573,6.336],[-72.3636,6.3258],[-72.3714,6.3192],[-72.3736,6.3131],[-72.3724,6.3113],[-72.3762,6.3031],[-72.3789,6.2931],[-72.39,6.2826],[-72.3965,6.2723],[-72.3994,6.2705]]]}},{"type":"Feature","id":"15368","properties":{"codigo_municipio":"15368","nombre_dane":"Jericó","lon_etiqueta":-72.5833,"lat_etiqueta":6.1383},"geometry":{"type":"Polygon","coordinates":[[[-72.5486,6.1725],[-72.5374,6.166],[-72.5301,6.1654],[-72.5239,6.156],[-72.5225,6.1519],[-72.5161,6.1484],[-72.5166,6.1395],[-72.5144,6.1302],[-72.5168,6.1265],[-72.5204,6.1245],[-72.528,6.1225],[-72.5309,6.1114],[-72.5289,6.1034],[-72.53,6.1015],[-72.5305,6.0899],[-72.5355,6.0786],[-72.5387,6.077],[-72.5403,6.0714],[-72.5423,6.0698],[-72.546,6.078],[-72.5517,6.0846],[-72.5566,6.0829],[-72.5607,6.0885],[-72.5601,6.0951],[-72.5637,6.1041],[-72.5622,6.1114],[-72.5634,6.1162],[-72.5657,6.1189],[-72.5725,6.1192],[-72.5803,6.1169],[-72.5817,6.1145],[-72.5888,6.1116],[-72.591,6.1081],[-72.5971,6.1111],[-72.6016,6.1096],[-72.6069,6.1028],[-72.613,6.1034],[-72.6178,6.1025],[-72.6211,6.1042],[-72.6275,6.1105],[-72.6371,6.1078],[-72.639,6.112],[-72.6562,6.1165],[-72.6545,6.1192],[-72.6534,6.1307],[-72.6515,6.1339],[-72.6485,6.1432],[-72.6486,6.15],[-72.6451,6.1564],[-72.6451,6.1592],[-72.6422,6.1632],[-72.6437,6.1673],[-72.6389,6.1704],[-72.6381,6.1767],[-72.6354,6.1806],[-72.6352,6.189],[-72.6332,6.1922],[-72.6338,6.1981],[-72.6321,6.1996],[-72.6331,6.2045],[-72.6298,6.2037],[-72.623,6.2047],[-72.6199,6.2065],[-72.6156,6.2061],[-72.6057,6.201],[-72.5952,6.204],[-72.5913,6.2003],[-72.5879,6.2003],[-72.5759,6.1933],[-72.5641,6.1879],[-72.5597,6.1885],[-72.5556,6.1833],[-72.555,6.1784],[-72.5525,6.177],[-72.5486,6.1725]]]}},{"type":"Feature","id":"15879","properties":{"codigo_municipio":"15879","nombre_dane":"Viracachá","lon_etiqueta":-73.2666,"lat_etiqueta":5.4473},"geometry":{"type":"Polygon","coordinates":[[[-73.2283,5.4078],[-73.236,5.4071],[-73.2398,5.4085],[-73.2514,5.4084],[-73.2569,5.4068],[-73.2631,5.4088],[-73.2681,5.4126],[-73.2736,5.4121],[-73.2763,5.4169],[-73.2828,5.4191],[-73.2862,5.4171],[-73.2905,5.4186],[-73.2972,5.4188],[-73.3022,5.4222],[-73.3122,5.4237],[-73.3149,5.4222],[-73.3186,5.4262],[-73.3111,5.4327],[-73.3091,5.4385],[-73.3061,5.4406],[-73.3087,5.4459],[-73.3144,5.45],[-73.3096,5.4622],[-73.31,5.4658],[-73.3039,5.4721],[-73.2962,5.4759],[-73.2915,5.4809],[-73.2857,5.4839],[-73.2859,5.4854],[-73.2831,5.4878],[-73.2759,5.4838],[-73.2759,5.4745],[-73.267,5.4746],[-73.2666,5.4711],[-73.2619,5.4662],[-73.2621,5.4617],[-73.2483,5.4582],[-73.247,5.4553],[-73.2448,5.4574],[-73.2335,5.4561],[-73.2184,5.4446],[-73.2157,5.4402],[-73.2159,5.4371],[-73.2134,5.4339],[-73.212,5.4262],[-73.2178,5.4163],[-73.2212,5.414],[-73.2204,5.41],[-73.222,5.4069],[-73.2283,5.4078]]]}},{"type":"Feature","id":"15761","properties":{"codigo_municipio":"15761","nombre_dane":"Somondoco","lon_etiqueta":-73.4331,"lat_etiqueta":4.9619},"geometry":{"type":"Polygon","coordinates":[[[-73.3856,5.0164],[-73.3769,5.0159],[-73.3775,5.0086],[-73.3826,5.0031],[-73.3823,4.9991],[-73.3859,4.9977],[-73.3862,4.9942],[-73.3909,4.9808],[-73.393,4.9804],[-73.3937,4.9761],[-73.3966,4.9729],[-73.4018,4.9616],[-73.4046,4.9579],[-73.4085,4.9561],[-73.4229,4.9448],[-73.4284,4.9344],[-73.4331,4.9294],[-73.4382,4.9187],[-73.4383,4.9089],[-73.4392,4.9072],[-73.4476,4.9097],[-73.4505,4.9092],[-73.4499,4.9151],[-73.4478,4.9214],[-73.4494,4.9219],[-73.4508,4.9286],[-73.4508,4.9346],[-73.4586,4.9405],[-73.4635,4.94],[-73.4669,4.9442],[-73.4619,4.9563],[-73.4659,4.9649],[-73.4717,4.9696],[-73.4699,4.9804],[-73.4659,4.9829],[-73.4583,4.987],[-73.4534,4.992],[-73.4471,4.9947],[-73.4451,4.9942],[-73.4392,4.9978],[-73.437,5.0033],[-73.4258,5.0098],[-73.4228,5.0081],[-73.4001,5.007],[-73.3886,5.0153],[-73.3856,5.0164]]]}},{"type":"Feature","id":"15293","properties":{"codigo_municipio":"15293","nombre_dane":"Gachantivá","lon_etiqueta":-73.5348,"lat_etiqueta":5.7413},"geometry":{"type":"Polygon","coordinates":[[[-73.4992,5.7743],[-73.5033,5.7653],[-73.5088,5.7573],[-73.5077,5.7533],[-73.5025,5.7493],[-73.4992,5.7496],[-73.4939,5.7454],[-73.4988,5.7395],[-73.5008,5.7321],[-73.5073,5.7248],[-73.5145,5.7244],[-73.5157,5.7227],[-73.5228,5.7211],[-73.5228,5.7181],[-73.5197,5.7148],[-73.5186,5.7059],[-73.5215,5.7017],[-73.5251,5.7019],[-73.5266,5.6953],[-73.5288,5.6943],[-73.5328,5.6872],[-73.5389,5.6802],[-73.5423,5.678],[-73.545,5.6795],[-73.5657,5.6776],[-73.5687,5.6827],[-73.569,5.6867],[-73.574,5.6894],[-73.5741,5.692],[-73.5647,5.7102],[-73.5668,5.7134],[-73.5684,5.7202],[-73.568,5.724],[-73.5735,5.7254],[-73.572,5.7306],[-73.5755,5.7347],[-73.5718,5.7401],[-73.5791,5.7452],[-73.5812,5.7486],[-73.5798,5.7519],[-73.5809,5.7615],[-73.5814,5.7726],[-73.5792,5.7717],[-73.5788,5.7767],[-73.5762,5.7742],[-73.5701,5.7735],[-73.5672,5.7753],[-73.5709,5.7804],[-73.5781,5.7854],[-73.5811,5.7848],[-73.5824,5.7901],[-73.5827,5.7945],[-73.5769,5.8019],[-73.5765,5.8059],[-73.5683,5.8021],[-73.564,5.796],[-73.5533,5.794],[-73.5488,5.789],[-73.5426,5.7867],[-73.5401,5.7895],[-73.5355,5.7877],[-73.5277,5.7882],[-73.5239,5.7995],[-73.5198,5.7988],[-73.5113,5.7903],[-73.5079,5.7903],[-73.503,5.7856],[-73.5034,5.7827],[-73.5003,5.7789],[-73.4992,5.7743]]]}},{"type":"Feature","id":"15667","properties":{"codigo_municipio":"15667","nombre_dane":"San Luis De Gaceno","lon_etiqueta":-73.1381,"lat_etiqueta":4.8264},"geometry":{"type":"Polygon","coordinates":[[[-73.0281,4.9883],[-73.0309,4.9859],[-73.0305,4.9823],[-73.0294,4.9699],[-73.0352,4.9634],[-73.0354,4.9591],[-73.0382,4.9556],[-73.0391,4.9458],[-73.0411,4.9435],[-73.0391,4.9393],[-73.0427,4.9372],[-73.0451,4.9329],[-73.0491,4.9223],[-73.0474,4.9103],[-73.0476,4.9018],[-73.042,4.8903],[-73.0425,4.8817],[-73.0414,4.879],[-73.0456,4.8726],[-73.0496,4.8718],[-73.0524,4.8683],[-73.0513,4.8619],[-73.0616,4.8551],[-73.0607,4.85],[-73.0664,4.8429],[-73.0682,4.8382],[-73.0692,4.8269],[-73.0713,4.8263],[-73.0749,4.8195],[-73.0778,4.8097],[-73.0701,4.8022],[-73.0722,4.7968],[-73.0684,4.7923],[-73.065,4.7915],[-73.0605,4.7835],[-73.0601,4.7788],[-73.0544,4.7737],[-73.0537,4.7686],[-73.0512,4.7665],[-73.0481,4.7598],[-73.0457,4.758],[-73.0449,4.7511],[-73.0469,4.7443],[-73.0526,4.7363],[-73.0558,4.7368],[-73.0621,4.7318],[-73.0667,4.7343],[-73.0671,4.7405],[-73.0712,4.7399],[-73.0741,4.7334],[-73.0786,4.7265],[-73.0771,4.7233],[-73.0721,4.7199],[-73.0742,4.7157],[-73.0804,4.7089],[-73.0796,4.7044],[-73.0816,4.7008],[-73.0856,4.6983],[-73.0898,4.6931],[-73.0915,4.6888],[-73.0899,4.6817],[-73.0914,4.6762],[-73.1003,4.6694],[-73.1033,4.6613],[-73.1057,4.6598],[-73.1127,4.6612],[-73.1209,4.6714],[-73.1276,4.6655],[-73.1328,4.6652],[-73.1391,4.6615],[-73.141,4.659],[-73.1473,4.6553],[-73.1542,4.6573],[-73.1596,4.6624],[-73.1679,4.6652],[-73.1818,4.6681],[-73.1893,4.6722],[-73.1935,4.6721],[-73.2079,4.6806],[-73.2089,4.6855],[-73.2004,4.7021],[-73.192,4.7113],[-73.1861,4.715],[-73.1841,4.7192],[-73.1792,4.7209],[-73.1749,4.7273],[-73.1703,4.7318],[-73.1702,4.7353],[-73.1753,4.7354],[-73.1822,4.7434],[-73.1796,4.7459],[-73.1804,4.7536],[-73.185,4.7542],[-73.1874,4.7601],[-73.1942,4.7708],[-73.1983,4.7738],[-73.2009,4.7776],[-73.2076,4.7798],[-73.213,4.7772],[-73.2162,4.7792],[-73.2243,4.7773],[-73.2326,4.7784],[-73.2404,4.783],[-73.2394,4.7885],[-73.236,4.7901],[-73.2286,4.7965],[-73.2273,4.7949],[-73.222,4.7988],[-73.2167,4.7983],[-73.2143,4.8012],[-73.2113,4.801],[-73.2055,4.8142],[-73.2036,4.8126],[-73.1992,4.815],[-73.205,4.8177],[-73.2049,4.8247],[-73.2062,4.8294],[-73.2099,4.8341],[-73.2143,4.8347],[-73.2179,4.8434],[-73.2233,4.8447],[-73.2284,4.8507],[-73.2212,4.8555],[-73.2149,4.8581],[-73.2114,4.858],[-73.2067,4.8622],[-73.2,4.8624],[-73.1897,4.8707],[-73.1844,4.8722],[-73.1833,4.8768],[-73.1791,4.883],[-73.1789,4.8862],[-73.1751,4.8921],[-73.1746,4.8961],[-73.1706,4.8962],[-73.1624,4.9074],[-73.1516,4.9142],[-73.1424,4.9158],[-73.1411,4.9227],[-73.1359,4.9304],[-73.1322,4.934],[-73.1245,4.9378],[-73.116,4.9463],[-73.1152,4.9519],[-73.1123,4.9549],[-73.1067,4.9558],[-73.0912,4.9667],[-73.08,4.9723],[-73.0766,4.9789],[-73.0709,4.98],[-73.0614,4.9881],[-73.0565,4.9976],[-73.0506,4.991],[-73.0414,4.9882],[-73.0349,4.9885],[-73.0289,4.9921],[-73.0281,4.9883]]]}},{"type":"Feature","id":"15820","properties":{"codigo_municipio":"15820","nombre_dane":"Tópaga","lon_etiqueta":-72.8418,"lat_etiqueta":5.7672},"geometry":{"type":"Polygon","coordinates":[[[-72.8676,5.7685],[-72.8579,5.7751],[-72.8549,5.774],[-72.8469,5.7797],[-72.8439,5.7808],[-72.837,5.7874],[-72.8318,5.7959],[-72.8321,5.7977],[-72.8195,5.7934],[-72.8126,5.7887],[-72.806,5.7867],[-72.8057,5.7842],[-72.8016,5.7809],[-72.8002,5.7763],[-72.7963,5.7724],[-72.8049,5.7632],[-72.8123,5.7568],[-72.8158,5.7505],[-72.8199,5.7517],[-72.8213,5.7456],[-72.8253,5.7367],[-72.8378,5.7405],[-72.8478,5.7388],[-72.8493,5.7406],[-72.8527,5.7519],[-72.8567,5.7499],[-72.8586,5.7513],[-72.863,5.7497],[-72.8711,5.742],[-72.8744,5.7444],[-72.8769,5.752],[-72.8762,5.756],[-72.8776,5.7646],[-72.8821,5.7675],[-72.8833,5.7695],[-72.8788,5.7712],[-72.8751,5.7705],[-72.8676,5.7685]]]}},{"type":"Feature","id":"15403","properties":{"codigo_municipio":"15403","nombre_dane":"La Uvita","lon_etiqueta":-72.543,"lat_etiqueta":6.2651},"geometry":{"type":"Polygon","coordinates":[[[-72.4954,6.2809],[-72.498,6.2726],[-72.4966,6.2651],[-72.4991,6.2615],[-72.4982,6.2543],[-72.5114,6.2474],[-72.5164,6.2409],[-72.5166,6.2372],[-72.5199,6.2356],[-72.5195,6.2307],[-72.5249,6.2279],[-72.5286,6.2201],[-72.5317,6.2099],[-72.5347,6.2055],[-72.5411,6.1995],[-72.5452,6.1922],[-72.5525,6.177],[-72.555,6.1784],[-72.5556,6.1833],[-72.5597,6.1885],[-72.5641,6.1879],[-72.5759,6.1933],[-72.5879,6.2003],[-72.5913,6.2003],[-72.5952,6.204],[-72.6057,6.201],[-72.6156,6.2061],[-72.6199,6.2065],[-72.623,6.2047],[-72.6298,6.2037],[-72.6331,6.2045],[-72.6355,6.2088],[-72.6348,6.2153],[-72.6356,6.2199],[-72.6287,6.2232],[-72.6191,6.2257],[-72.6182,6.2331],[-72.6142,6.242],[-72.6107,6.2475],[-72.6073,6.2605],[-72.6024,6.2715],[-72.6022,6.2788],[-72.5983,6.2729],[-72.5927,6.2693],[-72.5906,6.2646],[-72.5874,6.2661],[-72.5797,6.2788],[-72.5811,6.2819],[-72.5843,6.2825],[-72.5827,6.2851],[-72.5854,6.2915],[-72.584,6.2928],[-72.5833,6.3],[-72.588,6.2992],[-72.5861,6.3096],[-72.5804,6.3077],[-72.579,6.3099],[-72.5709,6.3099],[-72.57,6.3163],[-72.5646,6.3252],[-72.569,6.337],[-72.5725,6.3389],[-72.5765,6.3473],[-72.5758,6.3506],[-72.5666,6.3493],[-72.5647,6.3437],[-72.5614,6.349],[-72.5587,6.3507],[-72.5474,6.3511],[-72.5402,6.3531],[-72.5321,6.35],[-72.5224,6.3506],[-72.5177,6.3492],[-72.5163,6.3466],[-72.5131,6.3353],[-72.5105,6.3327],[-72.5126,6.3285],[-72.5111,6.3256],[-72.5118,6.3216],[-72.5097,6.3152],[-72.5105,6.3112],[-72.5042,6.3089],[-72.5007,6.3057],[-72.5006,6.3017],[-72.4985,6.2968],[-72.4988,6.2924],[-72.4961,6.2872],[-72.4954,6.2809]]]}},{"type":"Feature","id":"15690","properties":{"codigo_municipio":"15690","nombre_dane":"Santa María","lon_etiqueta":-73.272,"lat_etiqueta":4.8252},"geometry":{"type":"Polygon","coordinates":[[[-73.3401,4.7967],[-73.3367,4.7996],[-73.3305,4.8081],[-73.3329,4.8138],[-73.3369,4.8175],[-73.3398,4.823],[-73.3325,4.8412],[-73.3282,4.8472],[-73.3194,4.8542],[-73.3105,4.8676],[-73.2986,4.8794],[-73.2976,4.8819],[-73.2994,4.8872],[-73.3008,4.8989],[-73.299,4.903],[-73.2935,4.9091],[-73.2916,4.9141],[-73.2851,4.9202],[-73.2808,4.9284],[-73.275,4.9309],[-73.2655,4.9318],[-73.2633,4.9305],[-73.2501,4.9409],[-73.2457,4.948],[-73.2335,4.9574],[-73.228,4.9635],[-73.2229,4.973],[-73.2196,4.9628],[-73.2175,4.9624],[-73.2181,4.9558],[-73.217,4.9519],[-73.2119,4.9494],[-73.2108,4.9472],[-73.213,4.9379],[-73.2105,4.9317],[-73.2137,4.9278],[-73.2166,4.927],[-73.2183,4.92],[-73.2199,4.9189],[-73.2183,4.9147],[-73.2154,4.9151],[-73.2155,4.9107],[-73.2131,4.9105],[-73.2131,4.9057],[-73.2029,4.9091],[-73.1984,4.9131],[-73.1921,4.91],[-73.1863,4.9026],[-73.1802,4.9006],[-73.1765,4.8958],[-73.1746,4.8961],[-73.1751,4.8921],[-73.1789,4.8862],[-73.1791,4.883],[-73.1833,4.8768],[-73.1844,4.8722],[-73.1897,4.8707],[-73.2,4.8624],[-73.2067,4.8622],[-73.2114,4.858],[-73.2149,4.8581],[-73.2212,4.8555],[-73.2284,4.8507],[-73.2233,4.8447],[-73.2179,4.8434],[-73.2143,4.8347],[-73.2099,4.8341],[-73.2062,4.8294],[-73.2049,4.8247],[-73.205,4.8177],[-73.1992,4.815],[-73.2036,4.8126],[-73.2055,4.8142],[-73.2113,4.801],[-73.2143,4.8012],[-73.2167,4.7983],[-73.222,4.7988],[-73.2273,4.7949],[-73.2286,4.7965],[-73.236,4.7901],[-73.2394,4.7885],[-73.2404,4.783],[-73.2326,4.7784],[-73.2243,4.7773],[-73.2162,4.7792],[-73.213,4.7772],[-73.2076,4.7798],[-73.2009,4.7776],[-73.1983,4.7738],[-73.1942,4.7708],[-73.1874,4.7601],[-73.185,4.7542],[-73.1804,4.7536],[-73.1796,4.7459],[-73.1822,4.7434],[-73.1753,4.7354],[-73.1702,4.7353],[-73.1703,4.7318],[-73.1749,4.7273],[-73.1792,4.7209],[-73.1841,4.7192],[-73.1861,4.715],[-73.192,4.7113],[-73.2004,4.7021],[-73.2089,4.6855],[-73.2079,4.6806],[-73.2158,4.6768],[-73.2202,4.6765],[-73.2235,4.6786],[-73.2268,4.6861],[-73.2344,4.6943],[-73.2326,4.7006],[-73.2286,4.71],[-73.2282,4.715],[-73.2197,4.7249],[-73.2205,4.7301],[-73.223,4.7333],[-73.2321,4.7345],[-73.2363,4.7367],[-73.2409,4.7343],[-73.2482,4.7332],[-73.2509,4.7362],[-73.2558,4.7346],[-73.2546,4.7379],[-73.2572,4.7387],[-73.2626,4.7367],[-73.269,4.7406],[-73.277,4.7323],[-73.2779,4.7285],[-73.2812,4.727],[-73.2832,4.7223],[-73.2912,4.7238],[-73.2953,4.7276],[-73.302,4.7285],[-73.3063,4.7314],[-73.3098,4.7364],[-73.306,4.7447],[-73.3103,4.7528],[-73.3101,4.7593],[-73.3135,4.7648],[-73.3138,4.7705],[-73.3209,4.7759],[-73.3209,4.7793],[-73.3249,4.7821],[-73.3298,4.7831],[-73.3338,4.7885],[-73.341,4.7913],[-73.3401,4.7967]]]}},{"type":"Feature","id":"15224","properties":{"codigo_municipio":"15224","nombre_dane":"Cucaita","lon_etiqueta":-73.4486,"lat_etiqueta":5.5256},"geometry":{"type":"Polygon","coordinates":[[[-73.4267,5.5545],[-73.4226,5.5401],[-73.4234,5.5336],[-73.4252,5.5298],[-73.4151,5.5224],[-73.4127,5.5154],[-73.4076,5.5104],[-73.4122,5.5055],[-73.4162,5.5038],[-73.4205,5.4939],[-73.4244,5.4924],[-73.4323,5.4859],[-73.4446,5.492],[-73.4509,5.4959],[-73.4565,5.4977],[-73.453,5.5023],[-73.4566,5.5096],[-73.4579,5.5165],[-73.4652,5.5159],[-73.477,5.5247],[-73.4822,5.5303],[-73.4915,5.5355],[-73.4907,5.549],[-73.4813,5.5485],[-73.4766,5.5508],[-73.4692,5.5496],[-73.4663,5.5535],[-73.4607,5.5555],[-73.4572,5.5529],[-73.4547,5.556],[-73.4477,5.5556],[-73.4412,5.557],[-73.4347,5.5634],[-73.4288,5.5652],[-73.4225,5.5607],[-73.4267,5.5545]]]}},{"type":"Feature","id":"15232","properties":{"codigo_municipio":"15232","nombre_dane":"Chíquiza","lon_etiqueta":-73.4424,"lat_etiqueta":5.6371},"geometry":{"type":"Polygon","coordinates":[[[-73.3831,5.6653],[-73.3818,5.6609],[-73.3836,5.6562],[-73.39,5.6504],[-73.3901,5.6458],[-73.3958,5.6397],[-73.3992,5.6382],[-73.4058,5.6298],[-73.4054,5.6249],[-73.4111,5.617],[-73.4162,5.6198],[-73.4201,5.6195],[-73.4314,5.6119],[-73.434,5.6126],[-73.4401,5.6099],[-73.4433,5.6068],[-73.4433,5.6005],[-73.4482,5.5987],[-73.4524,5.5936],[-73.4619,5.591],[-73.4633,5.5923],[-73.4724,5.5896],[-73.4742,5.5865],[-73.4822,5.5827],[-73.4856,5.5798],[-73.4904,5.5733],[-73.4989,5.5595],[-73.4984,5.5641],[-73.5014,5.5676],[-73.5027,5.5772],[-73.5119,5.5831],[-73.5132,5.59],[-73.5101,5.5933],[-73.5111,5.5995],[-73.5163,5.601],[-73.5072,5.6138],[-73.4998,5.6211],[-73.4906,5.6244],[-73.4834,5.6357],[-73.4895,5.6428],[-73.4897,5.6473],[-73.483,5.6585],[-73.4818,5.6626],[-73.482,5.6694],[-73.4837,5.6708],[-73.479,5.6776],[-73.4757,5.6774],[-73.4607,5.6824],[-73.4528,5.6781],[-73.4458,5.6825],[-73.4427,5.683],[-73.4366,5.6916],[-73.4332,5.693],[-73.4282,5.6997],[-73.4234,5.7077],[-73.4211,5.7057],[-73.4152,5.7073],[-73.4111,5.7123],[-73.4058,5.7123],[-73.4008,5.7145],[-73.3976,5.7026],[-73.3943,5.6986],[-73.3859,5.6934],[-73.3835,5.6877],[-73.3833,5.6776],[-73.3818,5.6726],[-73.3831,5.6653]]]}},{"type":"Feature","id":"15380","properties":{"codigo_municipio":"15380","nombre_dane":"La Capilla","lon_etiqueta":-73.4582,"lat_etiqueta":5.1107},"geometry":{"type":"Polygon","coordinates":[[[-73.4801,5.0625],[-73.4814,5.0701],[-73.4822,5.0832],[-73.4842,5.089],[-73.4885,5.0926],[-73.4914,5.1011],[-73.4945,5.1064],[-73.4921,5.1123],[-73.491,5.1204],[-73.4917,5.1289],[-73.4888,5.1312],[-73.4886,5.1372],[-73.4848,5.1429],[-73.4772,5.1481],[-73.4659,5.1533],[-73.4621,5.1522],[-73.4472,5.1582],[-73.4415,5.1576],[-73.4369,5.1594],[-73.4396,5.1554],[-73.4387,5.1481],[-73.4313,5.1357],[-73.4264,5.1308],[-73.4244,5.1269],[-73.4197,5.1219],[-73.4244,5.1176],[-73.4228,5.1083],[-73.4318,5.0936],[-73.4329,5.0873],[-73.4393,5.0866],[-73.4459,5.0803],[-73.4476,5.0757],[-73.4534,5.0714],[-73.4652,5.0699],[-73.4717,5.0661],[-73.4748,5.066],[-73.4796,5.0616],[-73.4801,5.0625]]]}},{"type":"Feature","id":"15580","properties":{"codigo_municipio":"15580","nombre_dane":"Quípama","lon_etiqueta":-74.1794,"lat_etiqueta":5.5493},"geometry":{"type":"Polygon","coordinates":[[[-74.2163,5.5013],[-74.2213,5.508],[-74.2241,5.5158],[-74.2205,5.5181],[-74.217,5.5225],[-74.2117,5.5233],[-74.2088,5.522],[-74.2041,5.5227],[-74.2025,5.5202],[-74.1973,5.5185],[-74.2,5.5274],[-74.2017,5.529],[-74.1987,5.5361],[-74.206,5.5414],[-74.2063,5.5457],[-74.2013,5.5491],[-74.1997,5.5459],[-74.1975,5.5473],[-74.1993,5.5531],[-74.2102,5.5535],[-74.2129,5.5553],[-74.2194,5.5453],[-74.2276,5.5445],[-74.2378,5.5388],[-74.2403,5.5392],[-74.2429,5.5447],[-74.2497,5.5474],[-74.2506,5.5508],[-74.2596,5.5598],[-74.2676,5.5595],[-74.2725,5.5605],[-74.283,5.5664],[-74.2917,5.5692],[-74.2937,5.5728],[-74.2978,5.575],[-74.3021,5.5853],[-74.3026,5.5915],[-74.3048,5.5931],[-74.3049,5.5988],[-74.308,5.613],[-74.3105,5.6152],[-74.3102,5.6189],[-74.315,5.623],[-74.3095,5.6287],[-74.3062,5.6384],[-74.3019,5.6392],[-74.2973,5.6348],[-74.2906,5.6365],[-74.2883,5.6328],[-74.2864,5.634],[-74.2828,5.632],[-74.2781,5.6324],[-74.2698,5.6302],[-74.2681,5.6346],[-74.2627,5.6379],[-74.2565,5.6387],[-74.2524,5.6351],[-74.2463,5.6252],[-74.2354,5.6244],[-74.2278,5.6188],[-74.2235,5.618],[-74.2254,5.6134],[-74.2208,5.6094],[-74.2127,5.6095],[-74.2066,5.6076],[-74.2053,5.6021],[-74.2028,5.5986],[-74.202,5.5932],[-74.2038,5.5909],[-74.2026,5.5859],[-74.1996,5.5825],[-74.1987,5.5778],[-74.1937,5.5767],[-74.1875,5.5833],[-74.185,5.5872],[-74.1822,5.5882],[-74.1798,5.5943],[-74.1759,5.594],[-74.1714,5.5982],[-74.1627,5.5956],[-74.1616,5.5979],[-74.162,5.5909],[-74.1606,5.5891],[-74.1645,5.5832],[-74.1644,5.5764],[-74.1626,5.5742],[-74.1637,5.5678],[-74.1607,5.5636],[-74.1598,5.5577],[-74.1574,5.5537],[-74.1613,5.549],[-74.1581,5.5465],[-74.1558,5.5484],[-74.1514,5.542],[-74.1455,5.5393],[-74.1426,5.5335],[-74.1365,5.5314],[-74.1337,5.5284],[-74.1292,5.5268],[-74.1304,5.5187],[-74.1326,5.5153],[-74.1338,5.5074],[-74.1356,5.5032],[-74.1388,5.5006],[-74.1437,5.4996],[-74.1492,5.4889],[-74.148,5.4859],[-74.157,5.4782],[-74.1732,5.4735],[-74.1759,5.4707],[-74.1743,5.4655],[-74.1753,5.4622],[-74.1776,5.4596],[-74.1824,5.4637],[-74.1866,5.4736],[-74.191,5.4795],[-74.1942,5.4866],[-74.2019,5.497],[-74.2126,5.4985],[-74.2154,5.4977],[-74.2163,5.5013]]]}},{"type":"Feature","id":"15511","properties":{"codigo_municipio":"15511","nombre_dane":"Pachavita","lon_etiqueta":-73.4052,"lat_etiqueta":5.1508},"geometry":{"type":"Polygon","coordinates":[[[-73.3631,5.1349],[-73.3654,5.1278],[-73.3639,5.1205],[-73.376,5.1027],[-73.3744,5.0983],[-73.3807,5.0873],[-73.3839,5.0848],[-73.3898,5.0877],[-73.3939,5.0935],[-73.3979,5.102],[-73.4,5.1016],[-73.4055,5.1047],[-73.4106,5.11],[-73.418,5.1129],[-73.4197,5.1155],[-73.4197,5.1219],[-73.4244,5.1269],[-73.4264,5.1308],[-73.4313,5.1357],[-73.4387,5.1481],[-73.4396,5.1554],[-73.4369,5.1594],[-73.4353,5.1652],[-73.4281,5.1744],[-73.4256,5.1817],[-73.4165,5.189],[-73.412,5.1964],[-73.4068,5.1984],[-73.401,5.2096],[-73.3924,5.2168],[-73.3869,5.2144],[-73.3881,5.2101],[-73.3851,5.2016],[-73.3808,5.1968],[-73.3808,5.1902],[-73.3854,5.183],[-73.384,5.1663],[-73.3858,5.1633],[-73.3801,5.1604],[-73.3765,5.1553],[-73.3722,5.1552],[-73.3698,5.1497],[-73.3695,5.1448],[-73.364,5.1368],[-73.3631,5.1349]]]}},{"type":"Feature","id":"15332","properties":{"codigo_municipio":"15332","nombre_dane":"Güicán","lon_etiqueta":-72.2391,"lat_etiqueta":6.5605},"geometry":{"type":"Polygon","coordinates":[[[-72.2946,6.7153],[-72.2916,6.713],[-72.2885,6.7055],[-72.288,6.6959],[-72.2818,6.6955],[-72.2759,6.6981],[-72.2683,6.7031],[-72.2629,6.7042],[-72.259,6.7074],[-72.2545,6.7039],[-72.2488,6.7019],[-72.2455,6.7045],[-72.2412,6.7039],[-72.2379,6.6996],[-72.2332,6.6964],[-72.2314,6.6984],[-72.2318,6.705],[-72.227,6.7225],[-72.2268,6.7258],[-72.2219,6.7277],[-72.22,6.7267],[-72.2148,6.7282],[-72.2129,6.7314],[-72.213,6.7368],[-72.2112,6.7388],[-72.2061,6.7374],[-72.2007,6.7407],[-72.199,6.7441],[-72.1929,6.7446],[-72.1862,6.7407],[-72.1786,6.7417],[-72.175,6.7459],[-72.1709,6.7475],[-72.1631,6.7468],[-72.1546,6.7509],[-72.1513,6.7548],[-72.1424,6.7577],[-72.1404,6.7633],[-72.1299,6.751],[-72.1253,6.7439],[-72.1132,6.7394],[-72.1095,6.7458],[-72.1056,6.7485],[-72.1001,6.7465],[-72.0968,6.7375],[-72.095,6.7296],[-72.1,6.7237],[-72.1007,6.7186],[-72.0992,6.7145],[-72.0988,6.7073],[-72.0993,6.6969],[-72.0972,6.6956],[-72.0976,6.6908],[-72.0951,6.684],[-72.0985,6.6793],[-72.0974,6.6717],[-72.0948,6.6664],[-72.0954,6.6632],[-72.0913,6.6485],[-72.0947,6.6345],[-72.1013,6.6286],[-72.1041,6.6229],[-72.1085,6.6183],[-72.1099,6.614],[-72.1128,6.6121],[-72.1132,6.6014],[-72.1117,6.5972],[-72.112,6.5916],[-72.1152,6.5828],[-72.1183,6.5793],[-72.1196,6.5669],[-72.1215,6.5562],[-72.1237,6.5499],[-72.124,6.5401],[-72.1258,6.5373],[-72.1289,6.5249],[-72.1338,6.5171],[-72.1386,6.5142],[-72.1489,6.5133],[-72.1514,6.5154],[-72.1532,6.5134],[-72.1617,6.5098],[-72.1621,6.5069],[-72.1669,6.5007],[-72.1728,6.5009],[-72.1779,6.4968],[-72.1758,6.4917],[-72.1767,6.4863],[-72.1729,6.4802],[-72.1734,6.475],[-72.1762,6.4706],[-72.1747,6.463],[-72.1816,6.4594],[-72.1893,6.4621],[-72.1984,6.468],[-72.2029,6.4689],[-72.213,6.466],[-72.2144,6.4644],[-72.2137,6.4585],[-72.2169,6.4558],[-72.2173,6.4492],[-72.2154,6.4473],[-72.219,6.4384],[-72.2329,6.4233],[-72.2359,6.4216],[-72.2418,6.422],[-72.246,6.4205],[-72.249,6.4232],[-72.2479,6.4293],[-72.2561,6.4355],[-72.2606,6.4422],[-72.2657,6.443],[-72.2715,6.4366],[-72.2718,6.4278],[-72.2688,6.4192],[-72.272,6.4191],[-72.2768,6.4225],[-72.2795,6.421],[-72.2824,6.4163],[-72.2819,6.4094],[-72.2866,6.4036],[-72.2867,6.3961],[-72.2811,6.3935],[-72.28,6.3885],[-72.281,6.3834],[-72.284,6.3784],[-72.2918,6.377],[-72.2953,6.3743],[-72.2955,6.37],[-72.2982,6.365],[-72.3028,6.3618],[-72.3021,6.3593],[-72.3149,6.358],[-72.3158,6.3611],[-72.321,6.3655],[-72.3202,6.3708],[-72.3242,6.3767],[-72.3267,6.3855],[-72.3311,6.3938],[-72.3312,6.4007],[-72.3338,6.4046],[-72.3386,6.4038],[-72.3628,6.4021],[-72.3731,6.4041],[-72.3766,6.4083],[-72.383,6.4095],[-72.3841,6.4157],[-72.3915,6.4183],[-72.3922,6.4162],[-72.3972,6.4165],[-72.4001,6.4134],[-72.4065,6.417],[-72.411,6.4177],[-72.417,6.4221],[-72.4201,6.4221],[-72.4241,6.4248],[-72.4284,6.4319],[-72.4283,6.4356],[-72.4309,6.44],[-72.432,6.4424],[-72.4338,6.4542],[-72.4376,6.459],[-72.4418,6.4578],[-72.4435,6.4628],[-72.4419,6.4667],[-72.4429,6.4707],[-72.4395,6.4816],[-72.4372,6.4832],[-72.4365,6.4949],[-72.4347,6.5008],[-72.4274,6.5116],[-72.4213,6.5195],[-72.4144,6.5183],[-72.4107,6.5158],[-72.4089,6.5179],[-72.4038,6.5136],[-72.397,6.5245],[-72.3945,6.5298],[-72.392,6.5307],[-72.3886,6.5269],[-72.3837,6.5285],[-72.3835,6.5369],[-72.3813,6.544],[-72.383,6.5518],[-72.3809,6.5531],[-72.3713,6.5511],[-72.365,6.5514],[-72.356,6.5537],[-72.3582,6.5659],[-72.3597,6.57],[-72.366,6.5794],[-72.3738,6.5867],[-72.3777,6.5932],[-72.3787,6.5994],[-72.3863,6.6095],[-72.3854,6.6149],[-72.3748,6.6155],[-72.3632,6.6208],[-72.3554,6.6277],[-72.3464,6.6339],[-72.3449,6.6365],[-72.3423,6.647],[-72.3414,6.6619],[-72.3379,6.6687],[-72.3351,6.6717],[-72.3247,6.6786],[-72.3198,6.6826],[-72.3063,6.6876],[-72.3023,6.6976],[-72.3016,6.7093],[-72.2995,6.7165],[-72.2946,6.7153]]]}},{"type":"Feature","id":"15810","properties":{"codigo_municipio":"15810","nombre_dane":"Tipacoque","lon_etiqueta":-72.6993,"lat_etiqueta":6.427},"geometry":{"type":"Polygon","coordinates":[[[-72.7292,6.4404],[-72.725,6.4429],[-72.7198,6.4415],[-72.7167,6.4423],[-72.7137,6.4501],[-72.7062,6.4551],[-72.6994,6.4636],[-72.6966,6.4696],[-72.6874,6.4779],[-72.6856,6.4809],[-72.6795,6.4828],[-72.676,6.4724],[-72.6744,6.4716],[-72.6708,6.4627],[-72.667,6.4597],[-72.6664,6.4552],[-72.6606,6.4432],[-72.6615,6.4398],[-72.6647,6.4372],[-72.6658,6.4339],[-72.663,6.4292],[-72.6645,6.4256],[-72.663,6.421],[-72.6602,6.4187],[-72.6581,6.4129],[-72.6595,6.4102],[-72.6563,6.4062],[-72.6583,6.4033],[-72.6555,6.3926],[-72.6564,6.3891],[-72.6544,6.3852],[-72.655,6.3779],[-72.6677,6.3774],[-72.6703,6.3792],[-72.674,6.3777],[-72.6825,6.3853],[-72.688,6.3836],[-72.6902,6.3848],[-72.7004,6.3835],[-72.7012,6.3848],[-72.7084,6.3801],[-72.7133,6.3835],[-72.7164,6.3764],[-72.7217,6.3713],[-72.7258,6.3716],[-72.7295,6.3786],[-72.7297,6.3832],[-72.7329,6.3853],[-72.7324,6.3967],[-72.734,6.4009],[-72.7349,6.4083],[-72.7344,6.4191],[-72.7351,6.4322],[-72.7336,6.435],[-72.738,6.4403],[-72.7292,6.4404]]]}},{"type":"Feature","id":"15500","properties":{"codigo_municipio":"15500","nombre_dane":"Oicata","lon_etiqueta":-73.2749,"lat_etiqueta":5.6172},"geometry":{"type":"Polygon","coordinates":[[[-73.2361,5.6137],[-73.2394,5.6112],[-73.2425,5.6115],[-73.247,5.6046],[-73.2469,5.6022],[-73.2501,5.5977],[-73.2505,5.5937],[-73.2489,5.5873],[-73.2528,5.5805],[-73.2558,5.58],[-73.2644,5.5754],[-73.282,5.5801],[-73.2897,5.5755],[-73.3027,5.5724],[-73.3069,5.5697],[-73.3106,5.5743],[-73.3163,5.5773],[-73.3215,5.5832],[-73.3267,5.5792],[-73.3273,5.5802],[-73.3247,5.5857],[-73.3261,5.5895],[-73.3218,5.5978],[-73.3187,5.6113],[-73.317,5.6148],[-73.3053,5.6274],[-73.3005,5.6297],[-73.2955,5.6361],[-73.2922,5.6387],[-73.2851,5.6494],[-73.2785,5.6522],[-73.278,5.6559],[-73.2703,5.6585],[-73.2673,5.6645],[-73.2571,5.6569],[-73.2555,5.6532],[-73.2574,5.6457],[-73.257,5.6403],[-73.2531,5.634],[-73.245,5.6275],[-73.243,5.6311],[-73.236,5.6271],[-73.2318,5.6267],[-73.2361,5.6137]]]}},{"type":"Feature","id":"15131","properties":{"codigo_municipio":"15131","nombre_dane":"Caldas","lon_etiqueta":-73.8837,"lat_etiqueta":5.5757},"geometry":{"type":"Polygon","coordinates":[[[-73.91,5.5525],[-73.9131,5.5559],[-73.9233,5.5626],[-73.9251,5.5657],[-73.9259,5.574],[-73.9189,5.5809],[-73.9178,5.585],[-73.9124,5.5904],[-73.9036,5.6058],[-73.9011,5.6141],[-73.8977,5.6196],[-73.8962,5.6229],[-73.8926,5.6228],[-73.8897,5.626],[-73.8874,5.6253],[-73.8858,5.6291],[-73.8777,5.6361],[-73.8701,5.6389],[-73.8645,5.6377],[-73.8646,5.6328],[-73.8591,5.6299],[-73.856,5.6251],[-73.8525,5.6265],[-73.8515,5.623],[-73.8522,5.617],[-73.855,5.6093],[-73.8552,5.6036],[-73.8496,5.5998],[-73.8438,5.6011],[-73.8446,5.5964],[-73.8488,5.5894],[-73.8432,5.5815],[-73.8432,5.5759],[-73.8446,5.572],[-73.8428,5.5665],[-73.8476,5.5557],[-73.8479,5.5457],[-73.8537,5.5384],[-73.8573,5.5309],[-73.859,5.5319],[-73.8688,5.5325],[-73.8749,5.5261],[-73.877,5.5222],[-73.8807,5.5254],[-73.8872,5.5202],[-73.8849,5.5189],[-73.8906,5.5127],[-73.8948,5.5201],[-73.8942,5.5226],[-73.898,5.5235],[-73.8977,5.5284],[-73.9049,5.5293],[-73.9106,5.5237],[-73.9105,5.5268],[-73.9074,5.5311],[-73.9112,5.536],[-73.9093,5.5455],[-73.9113,5.5499],[-73.91,5.5525]]]}},{"type":"Feature","id":"15514","properties":{"codigo_municipio":"15514","nombre_dane":"Páez","lon_etiqueta":-72.9883,"lat_etiqueta":5.0944},"geometry":{"type":"Polygon","coordinates":[[[-73.11,5.1149],[-73.1074,5.1224],[-73.1023,5.1323],[-73.0963,5.1385],[-73.0894,5.1496],[-73.0875,5.1558],[-73.089,5.1607],[-73.0832,5.16],[-73.0773,5.1626],[-73.0733,5.1659],[-73.0725,5.1689],[-73.0703,5.1689],[-73.0644,5.1633],[-73.0569,5.1616],[-73.0468,5.1662],[-73.0346,5.1738],[-73.0313,5.1781],[-73.029,5.1861],[-73.0173,5.2053],[-73.0101,5.2145],[-73.0036,5.2115],[-72.9996,5.2118],[-72.9933,5.2087],[-72.9877,5.2036],[-72.9857,5.1984],[-72.9823,5.196],[-72.9754,5.1967],[-72.9702,5.202],[-72.9657,5.2041],[-72.958,5.2099],[-72.9501,5.2133],[-72.945,5.2103],[-72.9356,5.2134],[-72.9348,5.2089],[-72.9373,5.2041],[-72.9398,5.1996],[-72.9431,5.1981],[-72.9488,5.1906],[-72.9496,5.1841],[-72.9484,5.1823],[-72.9504,5.1762],[-72.9539,5.175],[-72.9587,5.1648],[-72.9623,5.1632],[-72.9608,5.1598],[-72.9634,5.1561],[-72.9709,5.1542],[-72.9739,5.1504],[-72.9731,5.1459],[-72.9694,5.1422],[-72.9654,5.1338],[-72.9572,5.1312],[-72.9565,5.1292],[-72.9489,5.1224],[-72.9424,5.12],[-72.9372,5.114],[-72.9345,5.1058],[-72.9286,5.0997],[-72.9215,5.0993],[-72.9164,5.102],[-72.9093,5.1035],[-72.9058,5.0951],[-72.9059,5.0791],[-72.9038,5.0679],[-72.9091,5.0646],[-72.9162,5.0568],[-72.9208,5.0545],[-72.9285,5.0472],[-72.9303,5.0435],[-72.9296,5.0383],[-72.9257,5.0321],[-72.9261,5.0296],[-72.9298,5.0265],[-72.9392,5.023],[-72.9528,5.0096],[-72.957,5.0028],[-72.9571,4.9969],[-72.9602,4.994],[-72.9662,4.991],[-72.97,4.9859],[-72.9705,4.9796],[-72.9753,4.9748],[-72.9794,4.9805],[-72.9882,4.9859],[-72.9928,4.9864],[-72.9996,4.9896],[-73.0046,4.9971],[-73.0085,4.9967],[-73.015,5.0021],[-73.0198,5.0016],[-73.0186,4.9971],[-73.0213,4.995],[-73.0232,4.9888],[-73.0305,4.9823],[-73.0309,4.9859],[-73.0281,4.9883],[-73.0289,4.9921],[-73.0261,4.9978],[-73.0277,5.0052],[-73.0267,5.0082],[-73.0279,5.0128],[-73.0273,5.025],[-73.0352,5.0244],[-73.0423,5.02],[-73.0472,5.0201],[-73.0555,5.015],[-73.0664,5.0118],[-73.0631,5.0181],[-73.0631,5.024],[-73.0696,5.0315],[-73.0784,5.0338],[-73.0861,5.0398],[-73.0871,5.0429],[-73.0792,5.0508],[-73.0766,5.0584],[-73.0724,5.0662],[-73.0746,5.0708],[-73.0713,5.0787],[-73.0675,5.0825],[-73.0702,5.0873],[-73.0705,5.0932],[-73.0724,5.0968],[-73.0826,5.0987],[-73.0854,5.1007],[-73.101,5.1011],[-73.1128,5.1119],[-73.11,5.1149]]]}},{"type":"Feature","id":"15187","properties":{"codigo_municipio":"15187","nombre_dane":"Chivatá","lon_etiqueta":-73.2481,"lat_etiqueta":5.58},"geometry":{"type":"Polygon","coordinates":[[[-73.2144,5.6221],[-73.219,5.6131],[-73.2251,5.6052],[-73.2296,5.6016],[-73.2335,5.5959],[-73.2347,5.5916],[-73.2383,5.5852],[-73.2423,5.576],[-73.2449,5.5721],[-73.2486,5.5697],[-73.2432,5.5671],[-73.231,5.5637],[-73.2294,5.5558],[-73.228,5.5539],[-73.23,5.5515],[-73.2326,5.5433],[-73.2314,5.5418],[-73.2376,5.537],[-73.2378,5.5339],[-73.245,5.5323],[-73.2506,5.5354],[-73.2532,5.5397],[-73.2596,5.5389],[-73.2641,5.5323],[-73.2682,5.5304],[-73.272,5.532],[-73.2771,5.524],[-73.2848,5.5242],[-73.2954,5.5251],[-73.2982,5.5349],[-73.3073,5.5392],[-73.3081,5.5432],[-73.3047,5.5533],[-73.3055,5.5544],[-73.3044,5.5634],[-73.3069,5.5697],[-73.3027,5.5724],[-73.2897,5.5755],[-73.282,5.5801],[-73.2644,5.5754],[-73.2558,5.58],[-73.2528,5.5805],[-73.2489,5.5873],[-73.2505,5.5937],[-73.2501,5.5977],[-73.2469,5.6022],[-73.247,5.6046],[-73.2425,5.6115],[-73.2394,5.6112],[-73.2361,5.6137],[-73.2318,5.6267],[-73.2319,5.6313],[-73.2286,5.6369],[-73.228,5.6334],[-73.2301,5.6306],[-73.2293,5.6261],[-73.2258,5.6276],[-73.2201,5.6249],[-73.2131,5.6264],[-73.2144,5.6221]]]}},{"type":"Feature","id":"15135","properties":{"codigo_municipio":"15135","nombre_dane":"Campohermoso","lon_etiqueta":-73.1205,"lat_etiqueta":5.0037},"geometry":{"type":"Polygon","coordinates":[[[-73.2198,4.9824],[-73.2192,4.9884],[-73.2158,4.994],[-73.2124,4.9952],[-73.2138,5.0009],[-73.2129,5.0051],[-73.216,5.0095],[-73.2142,5.0151],[-73.2156,5.0179],[-73.2221,5.019],[-73.2232,5.0247],[-73.2257,5.0288],[-73.2296,5.0316],[-73.2264,5.038],[-73.2298,5.0416],[-73.228,5.0493],[-73.2323,5.0572],[-73.2315,5.0591],[-73.2349,5.0629],[-73.242,5.064],[-73.2437,5.0678],[-73.2485,5.069],[-73.2442,5.0721],[-73.2288,5.0776],[-73.2216,5.0726],[-73.2142,5.0706],[-73.2059,5.0698],[-73.1935,5.0637],[-73.1887,5.0631],[-73.1835,5.0654],[-73.1751,5.0669],[-73.1676,5.0741],[-73.1615,5.075],[-73.1517,5.074],[-73.1438,5.083],[-73.1418,5.0827],[-73.1362,5.0868],[-73.1301,5.0933],[-73.1275,5.0947],[-73.1235,5.1],[-73.1185,5.1021],[-73.1128,5.1119],[-73.101,5.1011],[-73.0854,5.1007],[-73.0826,5.0987],[-73.0724,5.0968],[-73.0705,5.0932],[-73.0702,5.0873],[-73.0675,5.0825],[-73.0713,5.0787],[-73.0746,5.0708],[-73.0724,5.0662],[-73.0766,5.0584],[-73.0792,5.0508],[-73.0871,5.0429],[-73.0861,5.0398],[-73.0784,5.0338],[-73.0696,5.0315],[-73.0631,5.024],[-73.0631,5.0181],[-73.0664,5.0118],[-73.0555,5.015],[-73.0472,5.0201],[-73.0423,5.02],[-73.0352,5.0244],[-73.0273,5.025],[-73.0279,5.0128],[-73.0267,5.0082],[-73.0277,5.0052],[-73.0261,4.9978],[-73.0289,4.9921],[-73.0349,4.9885],[-73.0414,4.9882],[-73.0506,4.991],[-73.0565,4.9976],[-73.0614,4.9881],[-73.0709,4.98],[-73.0766,4.9789],[-73.08,4.9723],[-73.0912,4.9667],[-73.1067,4.9558],[-73.1123,4.9549],[-73.1152,4.9519],[-73.116,4.9463],[-73.1245,4.9378],[-73.1322,4.934],[-73.1359,4.9304],[-73.1411,4.9227],[-73.1424,4.9158],[-73.1516,4.9142],[-73.1624,4.9074],[-73.1706,4.8962],[-73.1746,4.8961],[-73.1765,4.8958],[-73.1802,4.9006],[-73.1863,4.9026],[-73.1921,4.91],[-73.1984,4.9131],[-73.2029,4.9091],[-73.2131,4.9057],[-73.2131,4.9105],[-73.2155,4.9107],[-73.2154,4.9151],[-73.2183,4.9147],[-73.2199,4.9189],[-73.2183,4.92],[-73.2166,4.927],[-73.2137,4.9278],[-73.2105,4.9317],[-73.213,4.9379],[-73.2108,4.9472],[-73.2119,4.9494],[-73.217,4.9519],[-73.2181,4.9558],[-73.2175,4.9624],[-73.2196,4.9628],[-73.2229,4.973],[-73.2198,4.9824]]]}},{"type":"Feature","id":"15720","properties":{"codigo_municipio":"15720","nombre_dane":"Sativanorte","lon_etiqueta":-72.7447,"lat_etiqueta":6.126},"geometry":{"type":"Polygon","coordinates":[[[-72.6381,6.1767],[-72.6389,6.1704],[-72.6437,6.1673],[-72.6422,6.1632],[-72.6451,6.1592],[-72.6451,6.1564],[-72.6486,6.15],[-72.6485,6.1432],[-72.6515,6.1339],[-72.6534,6.1307],[-72.6545,6.1192],[-72.6562,6.1165],[-72.6551,6.1125],[-72.6553,6.1037],[-72.6535,6.0966],[-72.6544,6.0826],[-72.6619,6.082],[-72.672,6.0753],[-72.6734,6.0689],[-72.6788,6.0689],[-72.6811,6.0731],[-72.6847,6.0719],[-72.6889,6.0759],[-72.6952,6.0752],[-72.6986,6.0773],[-72.6971,6.0831],[-72.6979,6.0876],[-72.7014,6.0882],[-72.7022,6.0968],[-72.708,6.1006],[-72.7122,6.1019],[-72.7189,6.0991],[-72.726,6.0978],[-72.738,6.099],[-72.7471,6.0979],[-72.7511,6.1036],[-72.755,6.1027],[-72.7626,6.1073],[-72.7676,6.1054],[-72.7702,6.1028],[-72.7807,6.1051],[-72.79,6.1022],[-72.7941,6.1026],[-72.7949,6.1],[-72.7978,6.0968],[-72.7999,6.0917],[-72.8041,6.0908],[-72.8065,6.0941],[-72.8104,6.0952],[-72.8085,6.1046],[-72.8128,6.1086],[-72.817,6.1062],[-72.8217,6.1084],[-72.8271,6.1145],[-72.8256,6.1207],[-72.8308,6.1214],[-72.8354,6.1252],[-72.8375,6.1306],[-72.8345,6.1374],[-72.8316,6.1377],[-72.8292,6.1419],[-72.8285,6.1529],[-72.8254,6.1581],[-72.8207,6.157],[-72.8139,6.1609],[-72.8093,6.1598],[-72.809,6.1657],[-72.8034,6.1714],[-72.7945,6.1771],[-72.7825,6.1803],[-72.7792,6.1768],[-72.7752,6.176],[-72.7697,6.1775],[-72.7629,6.1753],[-72.7612,6.1726],[-72.7675,6.1676],[-72.7685,6.1652],[-72.7673,6.1531],[-72.768,6.1503],[-72.7598,6.1544],[-72.7532,6.1537],[-72.7488,6.1515],[-72.7433,6.1563],[-72.7243,6.1589],[-72.7216,6.1566],[-72.7171,6.1565],[-72.7127,6.1582],[-72.7087,6.1623],[-72.6982,6.1667],[-72.6938,6.1676],[-72.6906,6.1723],[-72.6908,6.1755],[-72.6877,6.1791],[-72.6814,6.1809],[-72.6807,6.183],[-72.672,6.1834],[-72.6698,6.1816],[-72.6607,6.1795],[-72.6539,6.1798],[-72.6476,6.1814],[-72.6367,6.1798],[-72.6354,6.1806],[-72.6381,6.1767]]]}},{"type":"Feature","id":"15212","properties":{"codigo_municipio":"15212","nombre_dane":"Coper","lon_etiqueta":-74.0225,"lat_etiqueta":5.4477},"geometry":{"type":"Polygon","coordinates":[[[-73.9939,5.5131],[-74.0,5.5086],[-74.0011,5.504],[-74.008,5.4977],[-74.0107,5.4884],[-74.0148,5.4776],[-74.0192,5.4724],[-74.015,5.4678],[-74.0132,5.4688],[-74.0093,5.4651],[-73.999,5.4631],[-73.9894,5.4583],[-73.9865,5.4582],[-73.9846,5.454],[-73.9811,5.4516],[-73.9694,5.4555],[-73.9617,5.4549],[-73.9503,5.4495],[-73.9555,5.4391],[-73.953,5.4294],[-73.9486,5.4277],[-73.9471,5.4241],[-73.9475,5.4181],[-73.9506,5.4182],[-73.9569,5.4215],[-73.9647,5.4222],[-73.973,5.4194],[-73.9815,5.4035],[-73.9835,5.389],[-73.9863,5.3873],[-73.9873,5.3793],[-73.9914,5.3746],[-73.9987,5.3707],[-73.9991,5.3675],[-74.0097,5.3684],[-74.02,5.3661],[-74.023,5.3679],[-74.0238,5.3815],[-74.0219,5.3864],[-74.0249,5.3876],[-74.0317,5.3876],[-74.0343,5.3901],[-74.0405,5.393],[-74.042,5.4],[-74.0452,5.4045],[-74.0556,5.4014],[-74.0619,5.4053],[-74.068,5.405],[-74.0736,5.4082],[-74.0804,5.4168],[-74.087,5.4282],[-74.0927,5.4295],[-74.0905,5.4347],[-74.0955,5.4368],[-74.0976,5.4401],[-74.0941,5.4499],[-74.097,5.4597],[-74.0948,5.4655],[-74.0969,5.4706],[-74.0968,5.476],[-74.094,5.4793],[-74.0876,5.4825],[-74.0844,5.4822],[-74.0776,5.4856],[-74.0696,5.4948],[-74.0674,5.4946],[-74.065,5.499],[-74.0626,5.4983],[-74.0591,5.5016],[-74.0518,5.4955],[-74.047,5.5003],[-74.0445,5.5012],[-74.0426,5.498],[-74.0372,5.4996],[-74.0337,5.4968],[-74.032,5.5005],[-74.0265,5.5031],[-74.022,5.5092],[-74.021,5.5201],[-74.0185,5.5239],[-74.0133,5.5268],[-74.0083,5.5265],[-74.0034,5.5287],[-73.9977,5.5282],[-73.9903,5.5252],[-73.9939,5.5131]]]}},{"type":"Feature","id":"15223","properties":{"codigo_municipio":"15223","nombre_dane":"Cubará","lon_etiqueta":-72.1994,"lat_etiqueta":6.8753},"geometry":{"type":"Polygon","coordinates":[[[-72.4835,6.8474],[-72.4833,6.8507],[-72.4871,6.8527],[-72.4896,6.863],[-72.4917,6.8665],[-72.4983,6.8678],[-72.5018,6.8751],[-72.5024,6.8822],[-72.4966,6.8858],[-72.4973,6.8929],[-72.4964,6.8965],[-72.5029,6.9082],[-72.4999,6.9096],[-72.5006,6.9122],[-72.4971,6.916],[-72.4966,6.9215],[-72.4923,6.9243],[-72.4878,6.9245],[-72.4786,6.9155],[-72.4741,6.9127],[-72.4646,6.9017],[-72.46,6.9007],[-72.4524,6.8956],[-72.4405,6.892],[-72.4387,6.8868],[-72.4332,6.8848],[-72.4323,6.8829],[-72.4251,6.8808],[-72.4225,6.8816],[-72.406,6.8728],[-72.3923,6.8722],[-72.385,6.8755],[-72.3773,6.8854],[-72.3728,6.8867],[-72.3614,6.8938],[-72.3525,6.8917],[-72.3496,6.8933],[-72.3499,6.899],[-72.3417,6.9059],[-72.3376,6.9082],[-72.3318,6.9152],[-72.3301,6.9154],[-72.3251,6.9224],[-72.3211,6.9238],[-72.3193,6.928],[-72.3134,6.9322],[-72.3113,6.9392],[-72.3079,6.9439],[-72.3059,6.9494],[-72.3062,6.9531],[-72.304,6.956],[-72.3016,6.9641],[-72.302,6.9687],[-72.2946,6.9845],[-72.2937,6.9899],[-72.2914,6.9943],[-72.2867,6.9999],[-72.2829,7.0085],[-72.2765,7.0128],[-72.2715,7.0128],[-72.2672,7.0096],[-72.2608,7.0102],[-72.2535,7.008],[-72.2509,7.0045],[-72.2529,7.0007],[-72.2537,6.993],[-72.2556,6.985],[-72.2545,6.9828],[-72.2449,6.9771],[-72.2379,6.9797],[-72.2345,6.9792],[-72.2318,6.9831],[-72.2279,6.9832],[-72.2203,6.9863],[-72.2202,6.9906],[-72.2172,6.9934],[-72.2151,6.9985],[-72.2099,7.0036],[-72.2053,7.0041],[-72.201,7.0067],[-72.2015,7.0113],[-72.2044,7.0119],[-72.2057,7.0232],[-72.1987,7.0338],[-72.1997,7.0412],[-72.1963,7.0449],[-72.1917,7.0463],[-72.1854,7.054],[-72.1811,7.0528],[-72.1763,7.0555],[-72.1722,7.0518],[-72.1593,7.0463],[-72.1598,7.0419],[-72.1559,7.0416],[-72.1531,7.035],[-72.1448,7.0357],[-72.1369,7.0339],[-72.1326,7.0305],[-72.1253,7.0302],[-72.1227,7.0278],[-72.116,7.0332],[-72.1074,7.0327],[-72.1025,7.0355],[-72.0916,7.0378],[-72.0814,7.0439],[-72.0757,7.0454],[-72.0636,7.041],[-72.0558,7.0369],[-72.0509,7.0365],[-72.0468,7.0392],[-72.0408,7.0381],[-72.0354,7.0354],[-72.0295,7.0347],[-72.0209,7.0358],[-72.0173,7.0336],[-72.013,7.0341],[-72.0057,7.0318],[-72.0032,7.0291],[-71.9908,7.0264],[-71.9822,7.0237],[-71.9779,7.021],[-71.9656,7.0156],[-71.9504,7.0129],[-71.9489,7.0113],[-71.9517,7.0071],[-71.9602,7.0016],[-71.9596,6.9972],[-71.9619,6.9897],[-71.9658,6.9836],[-71.971,6.9776],[-71.9778,6.9651],[-71.9805,6.9549],[-71.9879,6.9399],[-71.9878,6.9378],[-71.9937,6.927],[-71.9942,6.921],[-71.9966,6.9089],[-71.9993,6.9044],[-72.0049,6.8907],[-72.0076,6.8879],[-72.0094,6.8814],[-72.0136,6.8764],[-72.0175,6.8684],[-72.0181,6.8609],[-72.0221,6.8542],[-72.0232,6.8501],[-72.0274,6.8434],[-72.0316,6.8335],[-72.0345,6.8297],[-72.0387,6.8143],[-72.0373,6.8108],[-72.0388,6.8081],[-72.037,6.8021],[-72.0386,6.8001],[-72.0385,6.7944],[-72.0444,6.7872],[-72.0444,6.7836],[-72.0475,6.7806],[-72.0478,6.7752],[-72.0508,6.772],[-72.0508,6.7686],[-72.0555,6.767],[-72.0599,6.7675],[-72.0654,6.7625],[-72.0716,6.7584],[-72.0747,6.7531],[-72.0787,6.7509],[-72.0852,6.7538],[-72.0927,6.7538],[-72.0942,6.7493],[-72.1001,6.7465],[-72.1056,6.7485],[-72.1095,6.7458],[-72.1132,6.7394],[-72.1253,6.7439],[-72.1299,6.751],[-72.1404,6.7633],[-72.1424,6.7577],[-72.1513,6.7548],[-72.1546,6.7509],[-72.1631,6.7468],[-72.1709,6.7475],[-72.175,6.7459],[-72.1786,6.7417],[-72.1862,6.7407],[-72.1929,6.7446],[-72.199,6.7441],[-72.2007,6.7407],[-72.2061,6.7374],[-72.2112,6.7388],[-72.213,6.7368],[-72.2129,6.7314],[-72.2148,6.7282],[-72.22,6.7267],[-72.2219,6.7277],[-72.2268,6.7258],[-72.227,6.7225],[-72.2318,6.705],[-72.2314,6.6984],[-72.2332,6.6964],[-72.2379,6.6996],[-72.2412,6.7039],[-72.2455,6.7045],[-72.2488,6.7019],[-72.2545,6.7039],[-72.259,6.7074],[-72.2629,6.7042],[-72.2683,6.7031],[-72.2759,6.6981],[-72.2818,6.6955],[-72.288,6.6959],[-72.2885,6.7055],[-72.2916,6.713],[-72.2946,6.7153],[-72.2995,6.7165],[-72.2958,6.7267],[-72.2974,6.7311],[-72.2967,6.7372],[-72.299,6.7419],[-72.2996,6.75],[-72.302,6.7541],[-72.307,6.7589],[-72.3004,6.7618],[-72.2925,6.7618],[-72.2966,6.7851],[-72.3084,6.7925],[-72.3114,6.7982],[-72.3133,6.8061],[-72.3184,6.8158],[-72.3282,6.8178],[-72.3333,6.8238],[-72.338,6.8243],[-72.3409,6.83],[-72.3412,6.8375],[-72.3405,6.8462],[-72.3446,6.8488],[-72.351,6.8499],[-72.3584,6.8487],[-72.3606,6.844],[-72.3639,6.8416],[-72.3682,6.842],[-72.3743,6.8392],[-72.3811,6.8414],[-72.3901,6.839],[-72.3962,6.8404],[-72.3991,6.8425],[-72.4099,6.8404],[-72.4138,6.8439],[-72.4199,6.8458],[-72.4235,6.849],[-72.43,6.8454],[-72.4406,6.8486],[-72.4459,6.851],[-72.4559,6.8508],[-72.4628,6.8439],[-72.4688,6.846],[-72.4725,6.8457],[-72.4771,6.8422],[-72.4835,6.8474]]]}},{"type":"Feature","id":"15774","properties":{"codigo_municipio":"15774","nombre_dane":"Susacón","lon_etiqueta":-72.6928,"lat_etiqueta":6.2238},"geometry":{"type":"Polygon","coordinates":[[[-72.6321,6.1996],[-72.6338,6.1981],[-72.6332,6.1922],[-72.6352,6.189],[-72.6354,6.1806],[-72.6367,6.1798],[-72.6476,6.1814],[-72.6539,6.1798],[-72.6607,6.1795],[-72.6698,6.1816],[-72.672,6.1834],[-72.6807,6.183],[-72.6814,6.1809],[-72.6877,6.1791],[-72.6908,6.1755],[-72.6906,6.1723],[-72.6938,6.1676],[-72.6982,6.1667],[-72.7087,6.1623],[-72.7127,6.1582],[-72.7171,6.1565],[-72.7216,6.1566],[-72.7243,6.1589],[-72.7433,6.1563],[-72.7488,6.1515],[-72.7532,6.1537],[-72.7598,6.1544],[-72.768,6.1503],[-72.7673,6.1531],[-72.7685,6.1652],[-72.7675,6.1676],[-72.7612,6.1726],[-72.7629,6.1753],[-72.7697,6.1775],[-72.7752,6.176],[-72.7792,6.1768],[-72.7825,6.1803],[-72.7945,6.1771],[-72.8034,6.1714],[-72.809,6.1657],[-72.8093,6.1598],[-72.8139,6.1609],[-72.8207,6.157],[-72.8254,6.1581],[-72.8262,6.1655],[-72.8247,6.17],[-72.8196,6.1764],[-72.8198,6.1809],[-72.8113,6.1919],[-72.8098,6.2018],[-72.8037,6.2096],[-72.804,6.2154],[-72.7934,6.2189],[-72.7865,6.2156],[-72.7796,6.2104],[-72.775,6.2105],[-72.7708,6.2144],[-72.7671,6.2203],[-72.7619,6.2175],[-72.755,6.2188],[-72.7484,6.2274],[-72.7455,6.228],[-72.7445,6.2353],[-72.7485,6.238],[-72.748,6.2455],[-72.7497,6.2526],[-72.7438,6.2593],[-72.7458,6.2624],[-72.7448,6.2663],[-72.7459,6.2749],[-72.7429,6.278],[-72.7393,6.2889],[-72.736,6.2904],[-72.7333,6.2955],[-72.7301,6.2971],[-72.7227,6.2975],[-72.722,6.2921],[-72.7135,6.2868],[-72.7059,6.285],[-72.7034,6.2788],[-72.6983,6.2783],[-72.693,6.273],[-72.6926,6.2647],[-72.6912,6.2606],[-72.6872,6.2576],[-72.6741,6.2598],[-72.6699,6.2667],[-72.662,6.274],[-72.6605,6.271],[-72.6595,6.2616],[-72.6543,6.2672],[-72.6502,6.2687],[-72.6479,6.2757],[-72.6412,6.2791],[-72.6398,6.2748],[-72.6423,6.269],[-72.6405,6.2659],[-72.6428,6.2511],[-72.6402,6.2454],[-72.6415,6.2395],[-72.6387,6.2292],[-72.6353,6.2264],[-72.6356,6.2199],[-72.6348,6.2153],[-72.6355,6.2088],[-72.6331,6.2045],[-72.6321,6.1996]]]}},{"type":"Feature","id":"15248","properties":{"codigo_municipio":"15248","nombre_dane":"El Espino","lon_etiqueta":-72.479,"lat_etiqueta":6.5069},"geometry":{"type":"Polygon","coordinates":[[[-72.4274,6.5116],[-72.4347,6.5008],[-72.4365,6.4949],[-72.4474,6.4893],[-72.4541,6.4905],[-72.4568,6.4897],[-72.4583,6.4862],[-72.463,6.4819],[-72.4675,6.4813],[-72.4714,6.4788],[-72.4758,6.4661],[-72.4845,6.4653],[-72.4857,6.4642],[-72.4994,6.4751],[-72.5096,6.4773],[-72.519,6.4776],[-72.5235,6.4798],[-72.5263,6.4831],[-72.5318,6.4867],[-72.5392,6.488],[-72.5344,6.4961],[-72.5343,6.5026],[-72.5197,6.5141],[-72.5145,6.5223],[-72.5063,6.5297],[-72.5055,6.5351],[-72.5019,6.5391],[-72.498,6.5397],[-72.49,6.5436],[-72.4842,6.5492],[-72.4769,6.5498],[-72.4733,6.5475],[-72.4682,6.5475],[-72.463,6.5494],[-72.4596,6.5485],[-72.4542,6.5393],[-72.4463,6.5388],[-72.4442,6.534],[-72.4399,6.5293],[-72.4301,6.5235],[-72.4241,6.5228],[-72.4213,6.5195],[-72.4274,6.5116]]]}},{"type":"Feature","id":"15377","properties":{"codigo_municipio":"15377","nombre_dane":"Labranza Grande","lon_etiqueta":-72.5734,"lat_etiqueta":5.5458},"geometry":{"type":"Polygon","coordinates":[[[-72.5178,5.602],[-72.5166,5.5959],[-72.5102,5.5917],[-72.5052,5.5945],[-72.5003,5.5924],[-72.4989,5.5892],[-72.4936,5.5848],[-72.4897,5.576],[-72.481,5.5725],[-72.4775,5.5683],[-72.4621,5.5655],[-72.4586,5.5618],[-72.4575,5.5575],[-72.4638,5.5491],[-72.4631,5.543],[-72.4557,5.5389],[-72.4513,5.5333],[-72.45,5.5297],[-72.4446,5.5234],[-72.4444,5.5207],[-72.4422,5.52],[-72.4474,5.5164],[-72.4535,5.5139],[-72.4562,5.5105],[-72.4601,5.5088],[-72.4646,5.5027],[-72.4679,5.5004],[-72.471,5.4955],[-72.4772,5.4923],[-72.4813,5.4882],[-72.4899,5.4818],[-72.4921,5.4683],[-72.4952,5.4595],[-72.5015,5.4476],[-72.502,5.4449],[-72.5086,5.4376],[-72.5157,5.4362],[-72.5289,5.4275],[-72.5343,5.4204],[-72.5369,5.4144],[-72.5387,5.4141],[-72.5465,5.4077],[-72.5536,5.4053],[-72.5593,5.4018],[-72.5628,5.3979],[-72.5719,5.3903],[-72.584,5.382],[-72.5895,5.3834],[-72.5943,5.3883],[-72.5943,5.3921],[-72.5984,5.3953],[-72.5999,5.3994],[-72.5973,5.4001],[-72.5975,5.4041],[-72.594,5.4091],[-72.5939,5.4162],[-72.5902,5.4183],[-72.5909,5.4234],[-72.5984,5.4278],[-72.6019,5.4265],[-72.6102,5.4299],[-72.6166,5.4267],[-72.622,5.4213],[-72.6334,5.4227],[-72.6432,5.4254],[-72.654,5.432],[-72.6671,5.4361],[-72.6524,5.4493],[-72.66,5.4534],[-72.6661,5.4591],[-72.6694,5.4661],[-72.6783,5.4789],[-72.6825,5.4895],[-72.6801,5.494],[-72.6753,5.4945],[-72.6566,5.5003],[-72.6554,5.5084],[-72.6563,5.5117],[-72.656,5.5207],[-72.6585,5.5295],[-72.6625,5.5388],[-72.6689,5.5365],[-72.6773,5.5427],[-72.6823,5.5441],[-72.684,5.5462],[-72.6895,5.5597],[-72.693,5.5576],[-72.6991,5.5565],[-72.7059,5.5602],[-72.7142,5.5577],[-72.7253,5.5585],[-72.745,5.5647],[-72.7444,5.5705],[-72.7386,5.5745],[-72.7315,5.585],[-72.7297,5.5919],[-72.7306,5.5931],[-72.7198,5.6056],[-72.7129,5.6094],[-72.7091,5.6156],[-72.712,5.6194],[-72.7133,5.625],[-72.7101,5.6256],[-72.7098,5.6295],[-72.7007,5.6383],[-72.6982,5.6447],[-72.6995,5.6508],[-72.6957,5.663],[-72.6979,5.6663],[-72.6992,5.6766],[-72.6965,5.6737],[-72.6851,5.673],[-72.6799,5.6735],[-72.676,5.6721],[-72.6734,5.6683],[-72.6604,5.6667],[-72.6566,5.6608],[-72.6503,5.6578],[-72.6377,5.6461],[-72.6354,5.6453],[-72.6339,5.6399],[-72.6289,5.6359],[-72.6298,5.6306],[-72.6242,5.6291],[-72.6131,5.6298],[-72.6116,5.6311],[-72.6054,5.63],[-72.6031,5.624],[-72.6048,5.6206],[-72.6,5.6222],[-72.602,5.6262],[-72.5991,5.6282],[-72.599,5.6342],[-72.5952,5.6405],[-72.5983,5.6437],[-72.5983,5.6481],[-72.5942,5.6498],[-72.5891,5.6554],[-72.5893,5.6579],[-72.584,5.6608],[-72.5847,5.6657],[-72.5801,5.6805],[-72.5739,5.6863],[-72.5743,5.6922],[-72.5727,5.696],[-72.5703,5.7093],[-72.5683,5.7085],[-72.5639,5.702],[-72.5623,5.6957],[-72.5548,5.6919],[-72.5525,5.6852],[-72.5465,5.6816],[-72.5451,5.6793],[-72.5396,5.6769],[-72.5422,5.671],[-72.5423,5.6677],[-72.5495,5.6585],[-72.5506,5.6555],[-72.5498,5.6459],[-72.5469,5.6379],[-72.5449,5.6372],[-72.5461,5.628],[-72.5457,5.6243],[-72.5384,5.6204],[-72.5303,5.6183],[-72.5285,5.6161],[-72.5193,5.6099],[-72.5145,5.6086],[-72.5178,5.602]]]}},{"type":"Feature","id":"15621","properties":{"codigo_municipio":"15621","nombre_dane":"Rondón","lon_etiqueta":-73.1806,"lat_etiqueta":5.3832},"geometry":{"type":"Polygon","coordinates":[[[-73.2796,5.3538],[-73.2754,5.3549],[-73.2594,5.3674],[-73.2558,5.3691],[-73.2526,5.3682],[-73.243,5.3767],[-73.2417,5.3816],[-73.237,5.3865],[-73.2381,5.3895],[-73.2348,5.3897],[-73.2316,5.3938],[-73.2341,5.3978],[-73.2269,5.4],[-73.2256,5.4039],[-73.222,5.4069],[-73.2204,5.41],[-73.2212,5.414],[-73.2178,5.4163],[-73.212,5.4262],[-73.2134,5.4339],[-73.2159,5.4371],[-73.2157,5.4402],[-73.2157,5.4448],[-73.2118,5.4473],[-73.2083,5.4533],[-73.2041,5.4568],[-73.1985,5.4567],[-73.1939,5.4588],[-73.1863,5.4656],[-73.1803,5.4655],[-73.1747,5.4675],[-73.1639,5.4794],[-73.1545,5.4792],[-73.1473,5.4821],[-73.1461,5.478],[-73.14,5.4751],[-73.1368,5.4703],[-73.1309,5.4647],[-73.1291,5.4586],[-73.1241,5.4563],[-73.1248,5.45],[-73.1273,5.447],[-73.1325,5.4308],[-73.1376,5.4246],[-73.1394,5.4167],[-73.1415,5.4121],[-73.1306,5.401],[-73.1268,5.3898],[-73.1215,5.3853],[-73.1279,5.3767],[-73.1293,5.3714],[-73.1321,5.3684],[-73.1263,5.3573],[-73.1306,5.3545],[-73.1332,5.3506],[-73.1381,5.3482],[-73.1417,5.3424],[-73.1464,5.3495],[-73.1535,5.3511],[-73.1579,5.3508],[-73.1702,5.34],[-73.1768,5.3391],[-73.1777,5.3348],[-73.1883,5.3254],[-73.1877,5.3227],[-73.1843,5.3219],[-73.1911,5.3171],[-73.2003,5.3166],[-73.2076,5.3097],[-73.2155,5.3045],[-73.2287,5.2911],[-73.2336,5.2851],[-73.2378,5.2852],[-73.2432,5.288],[-73.2656,5.2873],[-73.2596,5.2915],[-73.2681,5.2973],[-73.2697,5.3004],[-73.2727,5.2991],[-73.2753,5.301],[-73.2754,5.3057],[-73.2642,5.3202],[-73.2634,5.3224],[-73.2689,5.322],[-73.2735,5.325],[-73.2779,5.3229],[-73.2823,5.3247],[-73.2816,5.3307],[-73.2839,5.3385],[-73.2867,5.3402],[-73.2869,5.3483],[-73.2856,5.3497],[-73.2796,5.3538]]]}},{"type":"Feature","id":"15762","properties":{"codigo_municipio":"15762","nombre_dane":"Sora","lon_etiqueta":-73.439,"lat_etiqueta":5.5839},"geometry":{"type":"Polygon","coordinates":[[[-73.4288,5.5652],[-73.4347,5.5634],[-73.4412,5.557],[-73.4477,5.5556],[-73.4547,5.556],[-73.4572,5.5529],[-73.4607,5.5555],[-73.4663,5.5535],[-73.4692,5.5496],[-73.4766,5.5508],[-73.4813,5.5485],[-73.4907,5.549],[-73.4904,5.5516],[-73.4939,5.5536],[-73.4957,5.5576],[-73.4989,5.5595],[-73.4904,5.5733],[-73.4856,5.5798],[-73.4822,5.5827],[-73.4742,5.5865],[-73.4724,5.5896],[-73.4633,5.5923],[-73.4619,5.591],[-73.4524,5.5936],[-73.4482,5.5987],[-73.4433,5.6005],[-73.4433,5.6068],[-73.4401,5.6099],[-73.434,5.6126],[-73.4314,5.6119],[-73.4201,5.6195],[-73.4162,5.6198],[-73.4111,5.617],[-73.4067,5.6125],[-73.4065,5.6087],[-73.4022,5.6013],[-73.3995,5.5942],[-73.3955,5.5893],[-73.3953,5.5868],[-73.401,5.5818],[-73.4085,5.5736],[-73.412,5.5669],[-73.4225,5.5607],[-73.4288,5.5652]]]}},{"type":"Feature","id":"15106","properties":{"codigo_municipio":"15106","nombre_dane":"Briceño","lon_etiqueta":-73.9185,"lat_etiqueta":5.6788},"geometry":{"type":"Polygon","coordinates":[[[-73.9014,5.6214],[-73.904,5.6261],[-73.9039,5.6294],[-73.9137,5.6345],[-73.9198,5.6357],[-73.9225,5.639],[-73.9266,5.635],[-73.9267,5.6326],[-73.9314,5.6281],[-73.9328,5.6318],[-73.9364,5.6325],[-73.9438,5.6459],[-73.9435,5.6567],[-73.9414,5.6595],[-73.9461,5.6688],[-73.9441,5.6729],[-73.9464,5.6804],[-73.9498,5.687],[-73.9478,5.6924],[-73.9457,5.6937],[-73.9456,5.6908],[-73.9421,5.691],[-73.9404,5.6888],[-73.9355,5.6972],[-73.9334,5.7025],[-73.9341,5.7062],[-73.9287,5.7073],[-73.9262,5.712],[-73.919,5.7097],[-73.9135,5.7127],[-73.9127,5.7165],[-73.9079,5.7234],[-73.9082,5.7299],[-73.9046,5.7342],[-73.8998,5.7375],[-73.8902,5.7373],[-73.8857,5.7351],[-73.8878,5.7301],[-73.8841,5.7228],[-73.8772,5.723],[-73.8753,5.7282],[-73.873,5.7256],[-73.8752,5.717],[-73.8779,5.7178],[-73.8824,5.7111],[-73.8831,5.7076],[-73.8802,5.7076],[-73.8829,5.6993],[-73.8833,5.6946],[-73.8863,5.69],[-73.8875,5.683],[-73.894,5.6763],[-73.9002,5.6769],[-73.9014,5.6713],[-73.8968,5.6716],[-73.8987,5.6692],[-73.8992,5.6634],[-73.8953,5.665],[-73.8952,5.6586],[-73.8926,5.6566],[-73.8923,5.6527],[-73.8891,5.6526],[-73.8879,5.6487],[-73.8837,5.6451],[-73.8753,5.6451],[-73.8716,5.6507],[-73.8662,5.6503],[-73.8648,5.6523],[-73.8569,5.6518],[-73.859,5.6462],[-73.8629,5.6421],[-73.8645,5.6377],[-73.8701,5.6389],[-73.8777,5.6361],[-73.8858,5.6291],[-73.8874,5.6253],[-73.8897,5.626],[-73.8926,5.6228],[-73.8962,5.6229],[-73.8977,5.6196],[-73.9014,5.6214]]]}},{"type":"Feature","id":"15215","properties":{"codigo_municipio":"15215","nombre_dane":"Corrales","lon_etiqueta":-72.8403,"lat_etiqueta":5.8237},"geometry":{"type":"Polygon","coordinates":[[[-72.7977,5.8511],[-72.801,5.8482],[-72.8029,5.8396],[-72.8016,5.8381],[-72.8038,5.833],[-72.8116,5.8305],[-72.8213,5.8209],[-72.8243,5.8143],[-72.8248,5.8094],[-72.829,5.807],[-72.8357,5.8069],[-72.8321,5.7977],[-72.8318,5.7959],[-72.837,5.7874],[-72.8439,5.7808],[-72.8469,5.7797],[-72.8549,5.774],[-72.8579,5.7751],[-72.8676,5.7685],[-72.8751,5.7705],[-72.8727,5.7734],[-72.8778,5.7855],[-72.8768,5.7938],[-72.8812,5.7957],[-72.8864,5.7938],[-72.8923,5.7965],[-72.8962,5.7953],[-72.8961,5.8052],[-72.8976,5.8077],[-72.8963,5.8121],[-72.8867,5.8175],[-72.8767,5.8158],[-72.87,5.8182],[-72.8674,5.8167],[-72.8622,5.8236],[-72.8587,5.8263],[-72.8572,5.8337],[-72.8581,5.8365],[-72.8544,5.8459],[-72.8516,5.85],[-72.8506,5.8561],[-72.8481,5.8595],[-72.8526,5.8626],[-72.8548,5.8621],[-72.8575,5.8662],[-72.8524,5.8717],[-72.8514,5.8757],[-72.8478,5.8785],[-72.8422,5.8787],[-72.8368,5.8751],[-72.8319,5.8752],[-72.8266,5.879],[-72.8236,5.8781],[-72.816,5.8673],[-72.8115,5.8643],[-72.8102,5.8596],[-72.8056,5.8544],[-72.8014,5.852],[-72.7981,5.8539],[-72.7977,5.8511]]]}},{"type":"Feature","id":"15362","properties":{"codigo_municipio":"15362","nombre_dane":"Iza","lon_etiqueta":-72.9607,"lat_etiqueta":5.6192},"geometry":{"type":"Polygon","coordinates":[[[-72.9257,5.6127],[-72.9281,5.6147],[-72.945,5.6119],[-72.9493,5.6075],[-72.9507,5.5983],[-72.9541,5.5993],[-72.9585,5.5943],[-72.9609,5.5937],[-72.9663,5.5959],[-72.9713,5.5928],[-72.9864,5.5952],[-72.989,5.5901],[-72.9922,5.5896],[-73.0036,5.5928],[-73.0015,5.5994],[-73.0039,5.6059],[-73.0038,5.6124],[-72.9981,5.6196],[-72.9951,5.6285],[-72.9984,5.6296],[-72.9972,5.637],[-72.9935,5.634],[-72.9902,5.6379],[-72.9914,5.6421],[-72.9892,5.6439],[-72.9823,5.6399],[-72.9779,5.6403],[-72.975,5.644],[-72.9696,5.6464],[-72.9671,5.6441],[-72.9635,5.6491],[-72.9618,5.6429],[-72.9564,5.6359],[-72.9533,5.6359],[-72.9453,5.6312],[-72.9405,5.6272],[-72.9348,5.6287],[-72.932,5.6312],[-72.9275,5.6297],[-72.923,5.6202],[-72.9257,5.6127]]]}},{"type":"Feature","id":"15218","properties":{"codigo_municipio":"15218","nombre_dane":"Covarachia","lon_etiqueta":-72.7314,"lat_etiqueta":6.5113},"geometry":{"type":"Polygon","coordinates":[[[-72.6856,6.4809],[-72.6874,6.4779],[-72.6966,6.4696],[-72.6994,6.4636],[-72.7062,6.4551],[-72.7137,6.4501],[-72.7167,6.4423],[-72.7198,6.4415],[-72.725,6.4429],[-72.7292,6.4404],[-72.738,6.4403],[-72.732,6.4461],[-72.7315,6.4487],[-72.7253,6.456],[-72.7282,6.4641],[-72.7368,6.473],[-72.7383,6.4831],[-72.7359,6.4907],[-72.7389,6.492],[-72.7516,6.4948],[-72.7561,6.4939],[-72.7608,6.4982],[-72.7657,6.4994],[-72.7725,6.5085],[-72.7739,6.5207],[-72.7792,6.5293],[-72.7879,6.5318],[-72.7909,6.5301],[-72.7971,6.5301],[-72.8048,6.5375],[-72.8086,6.5388],[-72.8109,6.5424],[-72.806,6.5462],[-72.8058,6.554],[-72.8087,6.5569],[-72.8086,6.5595],[-72.8042,6.5606],[-72.7953,6.5688],[-72.7919,6.5685],[-72.7871,6.5726],[-72.7831,6.574],[-72.783,6.5782],[-72.7791,6.5804],[-72.7747,6.5786],[-72.769,6.5804],[-72.7667,6.5828],[-72.7596,6.5811],[-72.7566,6.5763],[-72.7539,6.5756],[-72.748,6.5699],[-72.7425,6.5678],[-72.7442,6.5596],[-72.73,6.5515],[-72.7212,6.5539],[-72.712,6.5431],[-72.7042,6.5397],[-72.7034,6.5331],[-72.7004,6.5276],[-72.6965,6.5263],[-72.6962,6.5211],[-72.6938,6.5177],[-72.6941,6.5139],[-72.6868,6.5084],[-72.6832,6.5002],[-72.6827,6.496],[-72.6793,6.4896],[-72.6795,6.4828],[-72.6856,6.4809]]]}},{"type":"Feature","id":"15226","properties":{"codigo_municipio":"15226","nombre_dane":"Cuìtiva","lon_etiqueta":-72.9492,"lat_etiqueta":5.5869},"geometry":{"type":"Polygon","coordinates":[[[-72.8954,5.6106],[-72.8983,5.6077],[-72.9002,5.5987],[-72.9001,5.5911],[-72.8984,5.5858],[-72.9017,5.5801],[-72.9258,5.5672],[-72.9491,5.5545],[-72.9614,5.56],[-72.973,5.5691],[-72.9779,5.572],[-72.9851,5.5829],[-72.9874,5.5779],[-72.9915,5.5821],[-72.9989,5.5859],[-73.0036,5.5928],[-72.9922,5.5896],[-72.989,5.5901],[-72.9864,5.5952],[-72.9713,5.5928],[-72.9663,5.5959],[-72.9609,5.5937],[-72.9585,5.5943],[-72.9541,5.5993],[-72.9507,5.5983],[-72.9493,5.6075],[-72.945,5.6119],[-72.9281,5.6147],[-72.9257,5.6127],[-72.923,5.6202],[-72.9168,5.6187],[-72.9106,5.6188],[-72.8974,5.6166],[-72.8955,5.6137],[-72.8954,5.6106]]]}},{"type":"Feature","id":"15839","properties":{"codigo_municipio":"15839","nombre_dane":"Tutazá","lon_etiqueta":-72.8655,"lat_etiqueta":6.08},"geometry":{"type":"Polygon","coordinates":[[[-72.8142,6.082],[-72.8123,6.0756],[-72.8126,6.0705],[-72.8104,6.0566],[-72.8114,6.0476],[-72.8133,6.0464],[-72.8152,6.0404],[-72.8133,6.0374],[-72.8123,6.0299],[-72.8139,6.0259],[-72.8124,6.0232],[-72.8162,6.0169],[-72.8243,6.0124],[-72.8241,6.0103],[-72.8286,6.0131],[-72.8333,6.0108],[-72.8384,6.0149],[-72.8409,6.0108],[-72.8471,6.0072],[-72.8551,6.0118],[-72.8607,6.0123],[-72.8654,6.0166],[-72.8705,6.0232],[-72.869,6.0311],[-72.8709,6.0393],[-72.8799,6.0439],[-72.8853,6.0443],[-72.8866,6.0475],[-72.8946,6.0521],[-72.8963,6.0568],[-72.9059,6.0651],[-72.9073,6.0686],[-72.9122,6.0739],[-72.9158,6.0758],[-72.9176,6.0802],[-72.9169,6.0861],[-72.9206,6.0965],[-72.9234,6.0983],[-72.9206,6.0998],[-72.916,6.1074],[-72.9096,6.1066],[-72.9001,6.1125],[-72.8975,6.1198],[-72.898,6.1215],[-72.8937,6.124],[-72.889,6.1226],[-72.879,6.1253],[-72.8732,6.1247],[-72.871,6.1272],[-72.8693,6.1346],[-72.8712,6.1426],[-72.8684,6.1445],[-72.858,6.1428],[-72.8549,6.1452],[-72.8487,6.143],[-72.8434,6.1438],[-72.8313,6.1488],[-72.8285,6.1529],[-72.8292,6.1419],[-72.8316,6.1377],[-72.8345,6.1374],[-72.8375,6.1306],[-72.8354,6.1252],[-72.8308,6.1214],[-72.8256,6.1207],[-72.8271,6.1145],[-72.8217,6.1084],[-72.817,6.1062],[-72.8128,6.1086],[-72.8085,6.1046],[-72.8104,6.0952],[-72.8142,6.082]]]}},{"type":"Feature","id":"15022","properties":{"codigo_municipio":"15022","nombre_dane":"Almeida","lon_etiqueta":-73.3784,"lat_etiqueta":4.9601},"geometry":{"type":"Polygon","coordinates":[[[-73.3835,4.9254],[-73.3872,4.9208],[-73.3929,4.9223],[-73.3967,4.9218],[-73.4024,4.9181],[-73.4045,4.9111],[-73.4091,4.9058],[-73.4146,4.9063],[-73.4191,4.905],[-73.429,4.904],[-73.4375,4.9063],[-73.4392,4.9072],[-73.4383,4.9089],[-73.4382,4.9187],[-73.4331,4.9294],[-73.4284,4.9344],[-73.4229,4.9448],[-73.4085,4.9561],[-73.4046,4.9579],[-73.4018,4.9616],[-73.3966,4.9729],[-73.3937,4.9761],[-73.393,4.9804],[-73.3909,4.9808],[-73.3862,4.9942],[-73.3859,4.9977],[-73.3823,4.9991],[-73.3826,5.0031],[-73.3775,5.0086],[-73.3769,5.0159],[-73.3714,5.0138],[-73.3644,5.0143],[-73.3602,5.0067],[-73.356,5.0034],[-73.3561,4.9941],[-73.3529,4.9892],[-73.3501,4.982],[-73.343,4.9768],[-73.3512,4.9699],[-73.3538,4.9614],[-73.3545,4.9509],[-73.3583,4.9442],[-73.3645,4.9396],[-73.3682,4.9401],[-73.3755,4.9286],[-73.3835,4.9254]]]}},{"type":"Feature","id":"15317","properties":{"codigo_municipio":"15317","nombre_dane":"Guacamayas","lon_etiqueta":-72.5159,"lat_etiqueta":6.4432},"geometry":{"type":"Polygon","coordinates":[[[-72.5318,6.4867],[-72.5263,6.4831],[-72.5235,6.4798],[-72.519,6.4776],[-72.5096,6.4773],[-72.4994,6.4751],[-72.4857,6.4642],[-72.4802,6.4607],[-72.4714,6.4527],[-72.4721,6.4472],[-72.4748,6.4463],[-72.4774,6.4413],[-72.4815,6.4394],[-72.4861,6.4294],[-72.4874,6.4181],[-72.4862,6.411],[-72.4879,6.4063],[-72.4933,6.402],[-72.4968,6.4008],[-72.501,6.4028],[-72.5006,6.3982],[-72.5025,6.3977],[-72.5111,6.4029],[-72.5173,6.4103],[-72.5242,6.411],[-72.5314,6.4201],[-72.543,6.4253],[-72.5479,6.4256],[-72.5481,6.4291],[-72.5522,6.4401],[-72.5565,6.4452],[-72.5532,6.4606],[-72.5534,6.4688],[-72.5499,6.4731],[-72.5474,6.4794],[-72.5483,6.4871],[-72.5422,6.4888],[-72.5392,6.488],[-72.5318,6.4867]]]}},{"type":"Feature","id":"15092","properties":{"codigo_municipio":"15092","nombre_dane":"Betéitiva","lon_etiqueta":-72.8589,"lat_etiqueta":5.922},"geometry":{"type":"Polygon","coordinates":[[[-72.8319,5.8752],[-72.8368,5.8751],[-72.8422,5.8787],[-72.8478,5.8785],[-72.8514,5.8757],[-72.8524,5.8717],[-72.8575,5.8662],[-72.8654,5.8682],[-72.8722,5.8728],[-72.8725,5.8747],[-72.872,5.8836],[-72.8774,5.8861],[-72.8872,5.8861],[-72.8899,5.8849],[-72.8939,5.8871],[-72.8975,5.8937],[-72.9038,5.8992],[-72.9071,5.9061],[-72.9061,5.9129],[-72.9092,5.9165],[-72.9176,5.918],[-72.9253,5.9286],[-72.9244,5.9311],[-72.9141,5.9449],[-72.9109,5.9426],[-72.9038,5.9427],[-72.8941,5.9391],[-72.8901,5.9353],[-72.8854,5.9405],[-72.8827,5.9399],[-72.8774,5.948],[-72.8732,5.9422],[-72.8683,5.9403],[-72.8583,5.9471],[-72.8539,5.9485],[-72.8532,5.9531],[-72.8505,5.9558],[-72.8408,5.9578],[-72.834,5.9632],[-72.8339,5.9667],[-72.8311,5.972],[-72.8283,5.9745],[-72.8248,5.9737],[-72.8183,5.978],[-72.818,5.973],[-72.8154,5.9654],[-72.8122,5.9643],[-72.8036,5.9652],[-72.7946,5.9643],[-72.7847,5.9575],[-72.7792,5.9545],[-72.783,5.9532],[-72.7897,5.942],[-72.7931,5.931],[-72.8016,5.9296],[-72.798,5.9246],[-72.7961,5.9198],[-72.7981,5.9178],[-72.7976,5.9069],[-72.8019,5.8992],[-72.8049,5.8995],[-72.8097,5.8945],[-72.8162,5.8924],[-72.822,5.8865],[-72.8266,5.879],[-72.8319,5.8752]]]}},{"type":"Feature","id":"15522","properties":{"codigo_municipio":"15522","nombre_dane":"Panqueba","lon_etiqueta":-72.4544,"lat_etiqueta":6.4429},"geometry":{"type":"Polygon","coordinates":[[[-72.443,6.4299],[-72.448,6.4234],[-72.4588,6.4218],[-72.456,6.4163],[-72.4627,6.4099],[-72.4666,6.4082],[-72.4696,6.4024],[-72.4711,6.3956],[-72.4771,6.3914],[-72.4812,6.3941],[-72.4855,6.3908],[-72.49,6.3946],[-72.492,6.3983],[-72.4968,6.4008],[-72.4933,6.402],[-72.4879,6.4063],[-72.4862,6.411],[-72.4874,6.4181],[-72.4861,6.4294],[-72.4815,6.4394],[-72.4774,6.4413],[-72.4748,6.4463],[-72.4721,6.4472],[-72.4714,6.4527],[-72.4802,6.4607],[-72.4857,6.4642],[-72.4845,6.4653],[-72.4758,6.4661],[-72.4714,6.4788],[-72.4675,6.4813],[-72.463,6.4819],[-72.4583,6.4862],[-72.4568,6.4897],[-72.4541,6.4905],[-72.4474,6.4893],[-72.4365,6.4949],[-72.4372,6.4832],[-72.4395,6.4816],[-72.4429,6.4707],[-72.4419,6.4667],[-72.4435,6.4628],[-72.4418,6.4578],[-72.4376,6.459],[-72.4338,6.4542],[-72.432,6.4424],[-72.4309,6.44],[-72.443,6.4299]]]}},{"type":"Feature","id":"15660","properties":{"codigo_municipio":"15660","nombre_dane":"San Eduardo","lon_etiqueta":-73.051,"lat_etiqueta":5.2371},"geometry":{"type":"Polygon","coordinates":[[[-73.0173,5.2053],[-73.029,5.1861],[-73.0313,5.1781],[-73.0346,5.1738],[-73.0468,5.1662],[-73.0569,5.1616],[-73.0644,5.1633],[-73.0703,5.1689],[-73.0725,5.1689],[-73.0665,5.1858],[-73.0697,5.1874],[-73.0727,5.1964],[-73.0778,5.1959],[-73.0804,5.2015],[-73.0892,5.2023],[-73.0924,5.2036],[-73.1017,5.2099],[-73.1036,5.218],[-73.1059,5.2222],[-73.101,5.2332],[-73.1017,5.2401],[-73.0926,5.2475],[-73.0864,5.2506],[-73.0833,5.2552],[-73.0735,5.2597],[-73.0704,5.2672],[-73.0674,5.2711],[-73.0671,5.2775],[-73.0645,5.2907],[-73.0639,5.3006],[-73.0611,5.302],[-73.058,5.3081],[-73.0519,5.3074],[-73.0471,5.3084],[-73.0416,5.3124],[-73.04,5.3086],[-73.028,5.2999],[-73.0286,5.288],[-73.0231,5.2784],[-73.0112,5.2622],[-73.0072,5.2601],[-72.9973,5.2584],[-72.9951,5.2533],[-72.9952,5.2456],[-73.0002,5.2379],[-73.0101,5.2158],[-73.0101,5.2145],[-73.0173,5.2053]]]}},{"type":"Feature","id":"15518","properties":{"codigo_municipio":"15518","nombre_dane":"Pajarito","lon_etiqueta":-72.6898,"lat_etiqueta":5.3802},"geometry":{"type":"Polygon","coordinates":[[[-72.654,5.432],[-72.6432,5.4254],[-72.6334,5.4227],[-72.622,5.4213],[-72.6166,5.4267],[-72.6102,5.4299],[-72.6019,5.4265],[-72.5984,5.4278],[-72.5909,5.4234],[-72.5902,5.4183],[-72.5939,5.4162],[-72.594,5.4091],[-72.5975,5.4041],[-72.5973,5.4001],[-72.5999,5.3994],[-72.5984,5.3953],[-72.5943,5.3921],[-72.5943,5.3883],[-72.5895,5.3834],[-72.584,5.382],[-72.5793,5.3801],[-72.5735,5.3758],[-72.5709,5.377],[-72.5672,5.3734],[-72.5709,5.3638],[-72.5751,5.3587],[-72.5779,5.3527],[-72.5817,5.3503],[-72.5889,5.3546],[-72.5922,5.3579],[-72.5956,5.3524],[-72.6016,5.3537],[-72.6094,5.3484],[-72.6156,5.3489],[-72.6189,5.3516],[-72.6224,5.3491],[-72.6262,5.3438],[-72.6334,5.3421],[-72.6377,5.3362],[-72.637,5.3284],[-72.6486,5.3218],[-72.6532,5.3062],[-72.6586,5.3017],[-72.6661,5.3013],[-72.6671,5.2946],[-72.6688,5.2936],[-72.6815,5.2904],[-72.6881,5.2821],[-72.7006,5.2793],[-72.7008,5.2742],[-72.7087,5.2774],[-72.7089,5.2798],[-72.715,5.2807],[-72.7201,5.2883],[-72.7195,5.2982],[-72.7182,5.3013],[-72.7212,5.3056],[-72.7219,5.3126],[-72.7265,5.3188],[-72.7325,5.3182],[-72.7425,5.3223],[-72.7479,5.3284],[-72.7542,5.3296],[-72.7609,5.3354],[-72.7661,5.3442],[-72.7713,5.3496],[-72.7716,5.3538],[-72.7755,5.3567],[-72.775,5.3585],[-72.7794,5.3661],[-72.7887,5.3737],[-72.7938,5.3752],[-72.7983,5.3801],[-72.805,5.3809],[-72.8096,5.3836],[-72.8121,5.3782],[-72.815,5.3808],[-72.8138,5.3853],[-72.8113,5.3864],[-72.8054,5.394],[-72.7976,5.3961],[-72.7983,5.4107],[-72.7971,5.4161],[-72.7916,5.4235],[-72.7857,5.436],[-72.7799,5.4396],[-72.7792,5.4422],[-72.7739,5.4475],[-72.7626,5.4551],[-72.7585,5.4566],[-72.7508,5.4668],[-72.7441,5.4703],[-72.7378,5.4705],[-72.7325,5.4748],[-72.7285,5.4801],[-72.7272,5.4867],[-72.7198,5.4862],[-72.7164,5.4839],[-72.7131,5.4842],[-72.7111,5.4806],[-72.7075,5.479],[-72.7083,5.4632],[-72.7062,5.4597],[-72.7087,5.4572],[-72.7038,5.4451],[-72.6998,5.4421],[-72.6966,5.442],[-72.6952,5.4393],[-72.6857,5.4452],[-72.6851,5.4476],[-72.6781,5.4511],[-72.6688,5.444],[-72.6664,5.441],[-72.6671,5.4361],[-72.654,5.432]]]}},{"type":"Feature","id":"15090","properties":{"codigo_municipio":"15090","nombre_dane":"Berbeo","lon_etiqueta":-73.1254,"lat_etiqueta":5.2303},"geometry":{"type":"Polygon","coordinates":[[[-73.0938,5.168],[-73.0982,5.1701],[-73.1048,5.1852],[-73.1028,5.1907],[-73.109,5.198],[-73.1149,5.2025],[-73.1187,5.2029],[-73.1231,5.2077],[-73.1293,5.2088],[-73.139,5.219],[-73.142,5.2238],[-73.1441,5.2238],[-73.1482,5.229],[-73.1455,5.2358],[-73.1365,5.244],[-73.1364,5.2462],[-73.1267,5.254],[-73.124,5.2612],[-73.1165,5.2705],[-73.1113,5.271],[-73.1079,5.2772],[-73.0948,5.2849],[-73.0905,5.2859],[-73.0817,5.29],[-73.0745,5.2949],[-73.0639,5.3006],[-73.0645,5.2907],[-73.0671,5.2775],[-73.0674,5.2711],[-73.0704,5.2672],[-73.0735,5.2597],[-73.0833,5.2552],[-73.0864,5.2506],[-73.0926,5.2475],[-73.1017,5.2401],[-73.101,5.2332],[-73.1059,5.2222],[-73.1036,5.218],[-73.1017,5.2099],[-73.0924,5.2036],[-73.0892,5.2023],[-73.0804,5.2015],[-73.0778,5.1959],[-73.0727,5.1964],[-73.0697,5.1874],[-73.0665,5.1858],[-73.0725,5.1689],[-73.0733,5.1659],[-73.0773,5.1626],[-73.0832,5.16],[-73.089,5.1607],[-73.0938,5.168]]]}},{"type":"Feature","id":"15236","properties":{"codigo_municipio":"15236","nombre_dane":"Chivor","lon_etiqueta":-73.3547,"lat_etiqueta":4.8599},"geometry":{"type":"Polygon","coordinates":[[[-73.3008,4.8989],[-73.2994,4.8872],[-73.2976,4.8819],[-73.2986,4.8794],[-73.3105,4.8676],[-73.3194,4.8542],[-73.3282,4.8472],[-73.3325,4.8412],[-73.3398,4.823],[-73.3369,4.8175],[-73.3329,4.8138],[-73.3305,4.8081],[-73.3367,4.7996],[-73.3401,4.7967],[-73.341,4.7913],[-73.3527,4.7958],[-73.3578,4.795],[-73.3632,4.7967],[-73.3647,4.7992],[-73.3718,4.8008],[-73.371,4.8048],[-73.3723,4.8111],[-73.3674,4.8189],[-73.3652,4.8248],[-73.3718,4.8275],[-73.3719,4.8296],[-73.3758,4.8328],[-73.3747,4.8398],[-73.3832,4.8482],[-73.3918,4.8496],[-73.3909,4.8561],[-73.3933,4.8581],[-73.3945,4.8671],[-73.402,4.8799],[-73.4116,4.8815],[-73.4144,4.8798],[-73.4249,4.8792],[-73.4353,4.8838],[-73.4373,4.8871],[-73.4464,4.8898],[-73.4394,4.8952],[-73.4395,4.899],[-73.4375,4.9063],[-73.429,4.904],[-73.4191,4.905],[-73.4146,4.9063],[-73.4091,4.9058],[-73.4045,4.9111],[-73.4024,4.9181],[-73.3967,4.9218],[-73.3929,4.9223],[-73.3872,4.9208],[-73.3835,4.9254],[-73.3755,4.9286],[-73.3699,4.9221],[-73.3621,4.918],[-73.3624,4.9152],[-73.3594,4.9109],[-73.3567,4.9011],[-73.3544,4.8984],[-73.3542,4.8935],[-73.3492,4.8942],[-73.3417,4.8934],[-73.3389,4.8971],[-73.3346,4.8997],[-73.3317,4.8987],[-73.3287,4.9023],[-73.3229,4.9049],[-73.3246,4.9111],[-73.3131,4.9194],[-73.31,4.919],[-73.3078,4.9153],[-73.3044,4.9131],[-73.3038,4.9101],[-73.3002,4.9085],[-73.299,4.903],[-73.3008,4.8989]]]}},{"type":"Feature","id":"15533","properties":{"codigo_municipio":"15533","nombre_dane":"Paya","lon_etiqueta":-72.3842,"lat_etiqueta":5.6259},"geometry":{"type":"Polygon","coordinates":[[[-72.4446,5.5234],[-72.45,5.5297],[-72.4513,5.5333],[-72.4557,5.5389],[-72.4631,5.543],[-72.4638,5.5491],[-72.4575,5.5575],[-72.4586,5.5618],[-72.4621,5.5655],[-72.4775,5.5683],[-72.481,5.5725],[-72.4897,5.576],[-72.4936,5.5848],[-72.4989,5.5892],[-72.5003,5.5924],[-72.5052,5.5945],[-72.5102,5.5917],[-72.5166,5.5959],[-72.5178,5.602],[-72.5145,5.6086],[-72.5128,5.6155],[-72.5003,5.6266],[-72.4956,5.6351],[-72.4924,5.6386],[-72.492,5.6456],[-72.4888,5.6553],[-72.4885,5.6642],[-72.4841,5.663],[-72.4748,5.6649],[-72.4787,5.6707],[-72.4749,5.6735],[-72.4707,5.6788],[-72.4668,5.6903],[-72.4613,5.697],[-72.4595,5.7021],[-72.4576,5.6991],[-72.4514,5.6946],[-72.4462,5.6889],[-72.448,5.6801],[-72.4446,5.6875],[-72.4368,5.6874],[-72.4244,5.6906],[-72.4169,5.6872],[-72.4101,5.6913],[-72.4024,5.6927],[-72.3946,5.6905],[-72.387,5.6815],[-72.3803,5.6828],[-72.37,5.6829],[-72.3628,5.6888],[-72.3571,5.6973],[-72.3535,5.6914],[-72.3503,5.6891],[-72.3414,5.69],[-72.3292,5.6881],[-72.3242,5.69],[-72.3215,5.6971],[-72.3166,5.7006],[-72.3127,5.7078],[-72.3112,5.7142],[-72.3032,5.7289],[-72.3014,5.737],[-72.2975,5.7457],[-72.2982,5.7515],[-72.2972,5.7545],[-72.2921,5.7535],[-72.2901,5.7505],[-72.2804,5.7496],[-72.2812,5.7486],[-72.2765,5.7429],[-72.277,5.7382],[-72.2742,5.7356],[-72.277,5.7324],[-72.2743,5.728],[-72.2692,5.7286],[-72.2689,5.7244],[-72.2655,5.7199],[-72.266,5.7181],[-72.2623,5.7156],[-72.2613,5.7108],[-72.2576,5.7074],[-72.2563,5.7031],[-72.2482,5.6958],[-72.2477,5.6905],[-72.2503,5.6874],[-72.249,5.6849],[-72.2444,5.6851],[-72.2428,5.6871],[-72.2379,5.6857],[-72.2362,5.6874],[-72.2319,5.6851],[-72.2314,5.6829],[-72.2213,5.6754],[-72.2219,5.6726],[-72.2258,5.6676],[-72.2284,5.6668],[-72.2376,5.6671],[-72.244,5.6664],[-72.2514,5.6634],[-72.2573,5.6624],[-72.2689,5.6637],[-72.2721,5.6622],[-72.2733,5.6552],[-72.2657,5.6427],[-72.2627,5.6335],[-72.2649,5.6288],[-72.2708,5.622],[-72.2875,5.6056],[-72.2892,5.5949],[-72.2856,5.5866],[-72.2852,5.5746],[-72.2891,5.5662],[-72.2951,5.556],[-72.2966,5.5472],[-72.2949,5.5309],[-72.2947,5.5182],[-72.2953,5.515],[-72.3009,5.506],[-72.3114,5.5025],[-72.3176,5.498],[-72.3304,5.4976],[-72.3385,5.5012],[-72.3391,5.5029],[-72.3459,5.5069],[-72.3471,5.512],[-72.3525,5.5164],[-72.3569,5.5179],[-72.3581,5.522],[-72.3613,5.5245],[-72.3625,5.5283],[-72.3667,5.5289],[-72.3691,5.534],[-72.3751,5.5375],[-72.3765,5.5409],[-72.3756,5.5445],[-72.3827,5.5541],[-72.3839,5.5598],[-72.3874,5.5634],[-72.393,5.5662],[-72.3965,5.5702],[-72.3996,5.5684],[-72.4037,5.5699],[-72.4065,5.5664],[-72.4084,5.568],[-72.41,5.5643],[-72.4129,5.5659],[-72.4209,5.5632],[-72.4226,5.5608],[-72.4213,5.5577],[-72.4255,5.5549],[-72.426,5.5467],[-72.4357,5.5374],[-72.4378,5.5328],[-72.4437,5.5244],[-72.4444,5.5207],[-72.4446,5.5234]]]}},{"type":"Feature","id":"15832","properties":{"codigo_municipio":"15832","nombre_dane":"Tununguá","lon_etiqueta":-73.9448,"lat_etiqueta":5.7159},"geometry":{"type":"Polygon","coordinates":[[[-73.9477,5.6968],[-73.954,5.7003],[-73.9602,5.7001],[-73.9688,5.7016],[-73.9738,5.7089],[-73.9754,5.7154],[-73.9801,5.7182],[-73.9814,5.7207],[-73.9764,5.7251],[-73.9753,5.7289],[-73.9619,5.7395],[-73.9565,5.7401],[-73.9451,5.7361],[-73.9382,5.7395],[-73.9321,5.7409],[-73.9301,5.7394],[-73.9255,5.7431],[-73.9212,5.7377],[-73.9159,5.7367],[-73.9045,5.7401],[-73.8998,5.7375],[-73.9046,5.7342],[-73.9082,5.7299],[-73.9079,5.7234],[-73.9127,5.7165],[-73.9135,5.7127],[-73.919,5.7097],[-73.9262,5.712],[-73.9287,5.7073],[-73.9341,5.7062],[-73.9334,5.7025],[-73.9355,5.6972],[-73.9404,5.6888],[-73.9421,5.691],[-73.9456,5.6908],[-73.9457,5.6937],[-73.9477,5.6968]]]}},{"type":"Feature","id":"15723","properties":{"codigo_municipio":"15723","nombre_dane":"Sativasur","lon_etiqueta":-72.6866,"lat_etiqueta":6.0626},"geometry":{"type":"Polygon","coordinates":[[[-72.7044,6.0183],[-72.7113,6.0231],[-72.7148,6.0273],[-72.7197,6.0278],[-72.718,6.0333],[-72.7198,6.0354],[-72.7181,6.0444],[-72.7155,6.0471],[-72.7168,6.0531],[-72.715,6.058],[-72.7165,6.0628],[-72.7191,6.0656],[-72.7247,6.068],[-72.7321,6.0689],[-72.7349,6.071],[-72.739,6.0712],[-72.7395,6.0736],[-72.7441,6.0766],[-72.7501,6.0777],[-72.7582,6.082],[-72.7712,6.082],[-72.7792,6.0861],[-72.7832,6.0924],[-72.7878,6.0937],[-72.7949,6.1],[-72.7941,6.1026],[-72.79,6.1022],[-72.7807,6.1051],[-72.7702,6.1028],[-72.7676,6.1054],[-72.7626,6.1073],[-72.755,6.1027],[-72.7511,6.1036],[-72.7471,6.0979],[-72.738,6.099],[-72.726,6.0978],[-72.7189,6.0991],[-72.7122,6.1019],[-72.708,6.1006],[-72.7022,6.0968],[-72.7014,6.0882],[-72.6979,6.0876],[-72.6971,6.0831],[-72.6986,6.0773],[-72.6952,6.0752],[-72.6889,6.0759],[-72.6847,6.0719],[-72.6811,6.0731],[-72.6788,6.0689],[-72.6734,6.0689],[-72.672,6.0753],[-72.6619,6.082],[-72.6544,6.0826],[-72.6533,6.0763],[-72.6546,6.0693],[-72.657,6.0631],[-72.6606,6.056],[-72.6666,6.0555],[-72.6719,6.0508],[-72.6771,6.0499],[-72.6805,6.0443],[-72.6802,6.0416],[-72.6832,6.0377],[-72.6879,6.0368],[-72.689,6.0325],[-72.6978,6.0252],[-72.7016,6.0183],[-72.7044,6.0183]]]}},{"type":"Feature","id":"15550","properties":{"codigo_municipio":"15550","nombre_dane":"Pisba","lon_etiqueta":-72.4401,"lat_etiqueta":5.73},"geometry":{"type":"Polygon","coordinates":[[[-72.5193,5.6099],[-72.5285,5.6161],[-72.5303,5.6183],[-72.5384,5.6204],[-72.5457,5.6243],[-72.5461,5.628],[-72.5449,5.6372],[-72.5469,5.6379],[-72.5498,5.6459],[-72.5506,5.6555],[-72.5495,5.6585],[-72.5423,5.6677],[-72.5422,5.671],[-72.5396,5.6769],[-72.5451,5.6793],[-72.5465,5.6816],[-72.5525,5.6852],[-72.5548,5.6919],[-72.5623,5.6957],[-72.5639,5.702],[-72.5683,5.7085],[-72.5703,5.7093],[-72.5785,5.7078],[-72.5812,5.7086],[-72.5786,5.7204],[-72.577,5.7308],[-72.5772,5.7388],[-72.581,5.7417],[-72.5824,5.7498],[-72.5802,5.7543],[-72.5825,5.7588],[-72.5814,5.7636],[-72.5836,5.7711],[-72.5755,5.7755],[-72.5692,5.7766],[-72.5662,5.7758],[-72.5608,5.7804],[-72.5571,5.7822],[-72.5493,5.7882],[-72.544,5.788],[-72.5413,5.7848],[-72.5352,5.7868],[-72.526,5.7886],[-72.5191,5.7912],[-72.5122,5.7917],[-72.5137,5.7935],[-72.5055,5.798],[-72.5055,5.8019],[-72.5019,5.8045],[-72.4918,5.8146],[-72.4867,5.818],[-72.4841,5.8298],[-72.4797,5.8331],[-72.4774,5.8399],[-72.4724,5.8436],[-72.4618,5.847],[-72.4586,5.8509],[-72.4482,5.8506],[-72.44,5.8481],[-72.4349,5.8486],[-72.4293,5.8428],[-72.4219,5.8435],[-72.4113,5.84],[-72.4054,5.837],[-72.4014,5.8367],[-72.3943,5.8266],[-72.3919,5.8189],[-72.3836,5.8178],[-72.378,5.8157],[-72.3733,5.8123],[-72.3642,5.8103],[-72.354,5.8118],[-72.3506,5.8111],[-72.3486,5.8058],[-72.3401,5.8034],[-72.3362,5.8039],[-72.331,5.8024],[-72.3309,5.7984],[-72.3286,5.7952],[-72.3239,5.7933],[-72.322,5.7952],[-72.3163,5.796],[-72.3095,5.7937],[-72.3034,5.7891],[-72.3058,5.7869],[-72.3047,5.7829],[-72.3074,5.7801],[-72.302,5.7764],[-72.2972,5.7711],[-72.297,5.7658],[-72.2993,5.7642],[-72.3008,5.7594],[-72.2972,5.7545],[-72.2982,5.7515],[-72.2975,5.7457],[-72.3014,5.737],[-72.3032,5.7289],[-72.3112,5.7142],[-72.3127,5.7078],[-72.3166,5.7006],[-72.3215,5.6971],[-72.3242,5.69],[-72.3292,5.6881],[-72.3414,5.69],[-72.3503,5.6891],[-72.3535,5.6914],[-72.3571,5.6973],[-72.3628,5.6888],[-72.37,5.6829],[-72.3803,5.6828],[-72.387,5.6815],[-72.3946,5.6905],[-72.4024,5.6927],[-72.4101,5.6913],[-72.4169,5.6872],[-72.4244,5.6906],[-72.4368,5.6874],[-72.4446,5.6875],[-72.448,5.6801],[-72.4462,5.6889],[-72.4514,5.6946],[-72.4576,5.6991],[-72.4595,5.7021],[-72.4613,5.697],[-72.4668,5.6903],[-72.4707,5.6788],[-72.4749,5.6735],[-72.4787,5.6707],[-72.4748,5.6649],[-72.4841,5.663],[-72.4885,5.6642],[-72.4888,5.6553],[-72.492,5.6456],[-72.4924,5.6386],[-72.4956,5.6351],[-72.5003,5.6266],[-72.5128,5.6155],[-72.5145,5.6086],[-72.5193,5.6099]]]}},{"type":"Feature","id":"15401","properties":{"codigo_municipio":"15401","nombre_dane":"La Victoria","lon_etiqueta":-74.2358,"lat_etiqueta":5.5157},"geometry":{"type":"Polygon","coordinates":[[[-74.2378,5.5388],[-74.2276,5.5445],[-74.2194,5.5453],[-74.2129,5.5553],[-74.2102,5.5535],[-74.1993,5.5531],[-74.1975,5.5473],[-74.1997,5.5459],[-74.2013,5.5491],[-74.2063,5.5457],[-74.206,5.5414],[-74.1987,5.5361],[-74.2017,5.529],[-74.2,5.5274],[-74.1973,5.5185],[-74.2025,5.5202],[-74.2041,5.5227],[-74.2088,5.522],[-74.2117,5.5233],[-74.217,5.5225],[-74.2205,5.5181],[-74.2241,5.5158],[-74.2213,5.508],[-74.2163,5.5013],[-74.2154,5.4977],[-74.2191,5.4961],[-74.2259,5.4904],[-74.2325,5.4802],[-74.2393,5.4787],[-74.2445,5.4763],[-74.2464,5.48],[-74.2499,5.4826],[-74.2541,5.4891],[-74.253,5.4918],[-74.2545,5.4979],[-74.2564,5.4998],[-74.251,5.5021],[-74.2513,5.507],[-74.2478,5.5141],[-74.2457,5.5225],[-74.2476,5.5242],[-74.246,5.5322],[-74.2428,5.5345],[-74.2403,5.5392],[-74.2378,5.5388]]]}},{"type":"Feature","id":"15114","properties":{"codigo_municipio":"15114","nombre_dane":"Busbanzá","lon_etiqueta":-72.875,"lat_etiqueta":5.8435},"geometry":{"type":"Polygon","coordinates":[[[-72.8548,5.8621],[-72.8526,5.8626],[-72.8481,5.8595],[-72.8506,5.8561],[-72.8516,5.85],[-72.8544,5.8459],[-72.8581,5.8365],[-72.8572,5.8337],[-72.8587,5.8263],[-72.8622,5.8236],[-72.8674,5.8167],[-72.87,5.8182],[-72.8767,5.8158],[-72.8867,5.8175],[-72.8963,5.8121],[-72.8978,5.8166],[-72.8958,5.8235],[-72.8992,5.8367],[-72.8933,5.8457],[-72.8948,5.8542],[-72.8919,5.8596],[-72.8912,5.8665],[-72.8839,5.8687],[-72.8735,5.8734],[-72.8725,5.8747],[-72.8722,5.8728],[-72.8654,5.8682],[-72.8575,5.8662],[-72.8548,5.8621]]]}},{"type":"Feature","id":"15676","properties":{"codigo_municipio":"15676","nombre_dane":"San Miguel De Sema","lon_etiqueta":-73.7488,"lat_etiqueta":5.5331},"geometry":{"type":"Polygon","coordinates":[[[-73.6871,5.5213],[-73.6862,5.5173],[-73.6919,5.5105],[-73.6965,5.5034],[-73.7028,5.4986],[-73.7096,5.4914],[-73.7258,5.4862],[-73.7272,5.4812],[-73.7322,5.4827],[-73.7321,5.4789],[-73.7381,5.4757],[-73.738,5.4733],[-73.7435,5.471],[-73.7439,5.4756],[-73.7471,5.4896],[-73.7591,5.4848],[-73.7688,5.4866],[-73.7827,5.4998],[-73.7854,5.5056],[-73.7894,5.5236],[-73.7896,5.5284],[-73.7916,5.5315],[-73.7887,5.5459],[-73.7895,5.553],[-73.7876,5.5587],[-73.7864,5.5676],[-73.7868,5.5747],[-73.7857,5.5784],[-73.7826,5.5787],[-73.7843,5.5814],[-73.7819,5.5839],[-73.7837,5.5858],[-73.7785,5.5909],[-73.7797,5.5951],[-73.7687,5.5926],[-73.7533,5.5769],[-73.7447,5.5788],[-73.7359,5.5793],[-73.7297,5.5813],[-73.7241,5.5794],[-73.7242,5.5727],[-73.7228,5.5769],[-73.7164,5.5813],[-73.7161,5.5902],[-73.7129,5.5852],[-73.7131,5.5778],[-73.7188,5.5632],[-73.7218,5.5532],[-73.7216,5.547],[-73.7199,5.537],[-73.7166,5.5349],[-73.7093,5.5357],[-73.7056,5.5344],[-73.7075,5.531],[-73.7043,5.5273],[-73.6982,5.5251],[-73.6928,5.5252],[-73.6871,5.5213]]]}}]}